{
  "ascension": "Geo DMG Bonus",
  "energy": 40,
  "stats": {
    "1": [
      1030.0,
      20.0,
      68.0,
      0.0,
      0.05,
      0.5
    ],
    "20": [
      2671.0,
      51.0,
      177.0,
      0.0,
      0.05,
      0.5
    ],
    "20+": [
      3554.0,
      67.0,
      235.0,
      0.0,
      0.05,
      0.5
    ],
    "40": [
      5317.0,
      101.0,
      352.0,
      0.0,
      0.05,
      0.5
    ],
    "40+": [
      5944.0,
      113.0,
      394.0,
      0.07200000000000001,
      0.05,
      0.5
    ],
    "50": [
      6839.0,
      130.0,
      453.0,
      0.07200000000000001,
      0.05,
      0.5
    ],
    "50+": [
      7675.0,
      146.0,
      508.0,
      0.14400000000000002,
      0.05,
      0.5
    ],
    "60": [
      8579.0,
      163.0,
      568.0,
      0.14400000000000002,
      0.05,
      0.5
    ],
    "60+": [
      9207.0,
      175.0,
      610.0,
      0.14400000000000002,
      0.05,
      0.5
    ],
    "70": [
      10119.0,
      192.0,
      670.0,
      0.14400000000000002,
      0.05,
      0.5
    ],
    "70+": [
      10746.0,
      204.0,
      712.0,
      0.21600000000000003,
      0.05,
      0.5
    ],
    "80": [
      11669.0,
      222.0,
      773.0,
      0.21600000000000003,
      0.05,
      0.5
    ],
    "80+": [
      12296.0,
      233.0,
      815.0,
      0.28800000000000003,
      0.05,
      0.5
    ],
    "90": [
      13226.0,
      251.0,
      876.0,
      0.28800000000000003,
      0.05,
      0.5
    ]
  }
}