{
  "normal": [
    [
      0.3674,
      0.3674,
      0.47450000000000003,
      0.4975,
      0.6207
    ],
    [
      0.3973,
      0.3973,
      0.5132,
      0.5379999999999999,
      0.6713
    ],
    [
      0.42719999999999997,
      0.42719999999999997,
      0.5518,
      0.5785,
      0.7218000000000001
    ],
    [
      0.46990000000000004,
      0.46990000000000004,
      0.607,
      0.6363,
      0.794
    ],
    [
      0.49979999999999997,
      0.49979999999999997,
      0.6456000000000001,
      0.6768000000000001,
      0.8445
    ],
    [
      0.534,
      0.534,
      0.6897,
      0.7231000000000001,
      0.9022
    ],
    [
      0.581,
      0.581,
      0.7504000000000001,
      0.7868,
      0.9815999999999999
    ],
    [
      0.628,
      0.628,
      0.8111,
      0.8504,
      1.061
    ],
    [
      0.675,
      0.675,
      0.8718,
      0.914,
      1.1404
    ],
    [
      0.7262000000000001,
      0.7262000000000001,
      0.9381,
      0.9834,
      1.227
    ],
    [
      0.785,
      0.785,
      1.0139,
      1.063,
      1.3263
    ]
  ],
  "charged": [
    [
      "47.3",
      "60.2"
    ],
    [
      "51.15",
      "65.1"
    ],
    [
      55.0,
      70.0
    ],
    [
      "60.5",
      77.0
    ],
    [
      "64.35",
      "81.9"
    ],
    [
      "68.75",
      "87.5"
    ],
    [
      "74.8",
      "95.2"
    ],
    [
      "80.85",
      "102.9"
    ],
    [
      "86.9",
      "110.6"
    ],
    [
      "93.5",
      119.0
    ],
    [
      "101.06",
      "128.63"
    ]
  ],
  "plunge": [
    [
      0.6393,
      1.2784,
      1.5968
    ],
    [
      0.6914,
      1.3824,
      1.7267
    ],
    [
      0.7434000000000001,
      1.4865000000000002,
      1.8566999999999998
    ],
    [
      0.8177,
      1.6351,
      2.0424
    ],
    [
      0.8698,
      1.7391999999999999,
      2.1723
    ],
    [
      0.9292,
      1.8581,
      2.3209
    ],
    [
      1.011,
      2.0216,
      2.5251
    ],
    [
      1.0928,
      2.1851,
      2.7293000000000003
    ],
    [
      1.1745999999999999,
      2.3486000000000002,
      2.9336
    ],
    [
      1.2638,
      2.5269999999999997,
      3.1563999999999997
    ],
    [
      1.3530000000000002,
      2.7054,
      3.3792
    ]
  ],
  "skill": [
    [
      1.304,
      1.336
    ],
    [
      1.4018000000000002,
      1.4362
    ],
    [
      1.4996,
      1.5364
    ],
    [
      1.63,
      1.67
    ],
    [
      1.7278,
      1.7702
    ],
    [
      1.8256000000000001,
      1.8704
    ],
    [
      1.956,
      2.004
    ],
    [
      2.0864,
      2.1376
    ],
    [
      2.2168,
      2.2712
    ],
    [
      2.3472,
      2.4048
    ],
    [
      2.4776,
      2.5384
    ],
    [
      2.608,
      2.672
    ],
    [
      2.7710000000000004,
      2.839
    ]
  ],
  "burst": [
    [
      3.6719999999999997,
      0.72
    ],
    [
      3.9474,
      0.774
    ],
    [
      4.222799999999999,
      0.828
    ],
    [
      4.59,
      0.9
    ],
    [
      4.8654,
      0.954
    ],
    [
      5.1408000000000005,
      1.008
    ],
    [
      5.507999999999999,
      1.08
    ],
    [
      5.8751999999999995,
      1.152
    ],
    [
      6.2424,
      1.224
    ],
    [
      6.6096,
      1.296
    ],
    [
      6.9768,
      1.368
    ],
    [
      7.343999999999999,
      1.44
    ],
    [
      7.803,
      1.53
    ],
    [
      8.26,
      1.62
    ]
  ]
}