{
  "ascension": "Cryo DMG Bonus",
  "stats": {
    "1": [
      848.0,
      18.0,
      53.0,
      0.0,
      0.05,
      0.5
    ],
    "20": [
      2201.0,
      47.0,
      137.0,
      0.0,
      0.05,
      0.5
    ],
    "20+": [
      2928.0,
      63.0,
      182.0,
      0.0,
      0.05,
      0.5
    ],
    "40": [
      4382.0,
      94.0,
      272.0,
      0.0,
      0.05,
      0.5
    ],
    "40+": [
      4899.0,
      105.0,
      304.0,
      0.07200000000000001,
      0.05,
      0.5
    ],
    "50": [
      5636.0,
      121.0,
      350.0,
      0.07200000000000001,
      0.05,
      0.5
    ],
    "50+": [
      6325.0,
      136.0,
      393.0,
      0.14400000000000002,
      0.05,
      0.5
    ],
    "60": [
      7070.0,
      152.0,
      439.0,
      0.14400000000000002,
      0.05,
      0.5
    ],
    "60+": [
      7587.0,
      163.0,
      471.0,
      0.14400000000000002,
      0.05,
      0.5
    ],
    "70": [
      8339.0,
      179.0,
      517.0,
      0.14400000000000002,
      0.05,
      0.5
    ],
    "70+": [
      8856.0,
      190.0,
      550.0,
      0.21600000000000003,
      0.05,
      0.5
    ],
    "80": [
      9616.0,
      206.0,
      597.0,
      0.21600000000000003,
      0.05,
      0.5
    ],
    "80+": [
      10133.0,
      217.0,
      629.0,
      0.28800000000000003,
      0.05,
      0.5
    ],
    "90": [
      10899.0,
      234.0,
      676.0,
      0.28800000000000003,
      0.05,
      0.5
    ]
  }
}