{
  "normal": [
    [
      "21.12",
      "23.76",
      0.43119999999999997,
      0.528,
      0.6565000000000001
    ],
    [
      "22.56",
      "25.38",
      0.4606,
      0.564,
      0.7012
    ],
    [
      24.0,
      27.0,
      0.49,
      0.6,
      0.746
    ],
    [
      "25.92",
      "29.16",
      0.5292,
      0.648,
      0.8057
    ],
    [
      "27.36",
      "30.78",
      0.5586,
      0.684,
      0.8504
    ],
    [
      "29.04",
      "32.67",
      0.5929,
      0.726,
      0.9027
    ],
    [
      "31.2",
      "35.1",
      0.637,
      0.78,
      0.9698
    ],
    [
      "33.36",
      "37.53",
      0.6811,
      0.8340000000000001,
      1.0369
    ],
    [
      "35.52",
      "39.96",
      0.7252,
      0.888,
      1.1040999999999999
    ],
    [
      "37.68",
      "42.39",
      0.7693000000000001,
      0.9420000000000001,
      1.1712
    ],
    [
      "39.84",
      "44.82",
      0.8134,
      0.996,
      1.2384
    ]
  ],
  "charged": [
    [
      0.4386,
      1.24
    ],
    [
      0.4743,
      1.3330000000000002
    ],
    [
      0.51,
      1.426
    ],
    [
      0.561,
      1.55
    ],
    [
      0.5967,
      1.643
    ],
    [
      0.6375,
      1.736
    ],
    [
      0.6936,
      1.86
    ],
    [
      0.7497,
      1.984
    ],
    [
      0.8058,
      2.108
    ],
    [
      0.867,
      2.2319999999999998
    ],
    [
      0.9281999999999999,
      2.356
    ]
  ],
  "plunge": [
    [
      0.5683,
      1.1362999999999999,
      1.4193
    ],
    [
      0.6145,
      1.2288,
      1.5349000000000002
    ],
    [
      0.6607999999999999,
      1.3213,
      1.6503999999999999
    ],
    [
      0.7269,
      1.4535,
      1.8154
    ],
    [
      0.7731,
      1.5459,
      1.931
    ],
    [
      0.826,
      1.6517,
      2.063
    ],
    [
      0.8987,
      1.797,
      2.2445
    ],
    [
      0.9714,
      1.9423,
      2.4261
    ],
    [
      1.0441,
      2.0877,
      2.6075999999999997
    ],
    [
      1.1234,
      2.2462,
      2.8057
    ],
    [
      1.2026999999999999,
      2.4048,
      3.0037000000000003
    ]
  ],
  "skill": [
    [
      1.776
    ],
    [
      1.9091999999999998
    ],
    [
      2.0424
    ],
    [
      2.22
    ],
    [
      2.3531999999999997
    ],
    [
      2.4863999999999997
    ],
    [
      2.6639999999999997
    ],
    [
      2.8416
    ],
    [
      3.0192
    ],
    [
      3.1968
    ]
  ],
  "burst": [
    [
      3.592
    ],
    [
      3.8613999999999997
    ],
    [
      4.1308
    ],
    [
      4.49
    ],
    [
      4.7594
    ],
    [
      5.0288
    ],
    [
      5.388
    ],
    [
      5.7472
    ],
    [
      6.1064
    ],
    [
      6.465599999999999
    ]
  ]
}