{
  "normal": [
    [
      0.36119999999999997,
      0.36119999999999997,
      0.4644,
      0.473,
      0.5934
    ],
    [
      0.3906,
      0.3906,
      0.5022,
      0.5115,
      0.6417
    ],
    [
      0.42,
      0.42,
      0.54,
      0.55,
      0.69
    ],
    [
      0.462,
      0.462,
      0.594,
      0.605,
      0.759
    ],
    [
      0.4914,
      0.4914,
      0.6318,
      0.6435,
      0.8073
    ],
    [
      0.525,
      0.525,
      0.675,
      0.6875,
      0.8625
    ],
    [
      0.5711999999999999,
      0.5711999999999999,
      0.7343999999999999,
      0.748,
      0.9384
    ],
    [
      0.6174000000000001,
      0.6174000000000001,
      0.7938,
      0.8085,
      1.0143
    ],
    [
      0.6636,
      0.6636,
      0.8532,
      0.8690000000000001,
      1.0902
    ],
    [
      0.7140000000000001,
      0.7140000000000001,
      0.9179999999999999,
      0.935,
      1.173
    ],
    [
      0.7644,
      0.7644,
      0.9828,
      1.001,
      1.2558
    ]
  ],
  "charged": [
    [
      0.4386,
      1.24
    ],
    [
      0.4743,
      1.3330000000000002
    ],
    [
      0.51,
      1.426
    ],
    [
      0.561,
      1.55
    ],
    [
      0.5967,
      1.643
    ],
    [
      0.6375,
      1.736
    ],
    [
      0.6936,
      1.86
    ],
    [
      0.7497,
      1.984
    ],
    [
      0.8058,
      2.108
    ],
    [
      0.867,
      2.2319999999999998
    ],
    [
      0.9281999999999999,
      2.356
    ]
  ],
  "plunge": [
    [
      0.5683,
      1.1362999999999999,
      1.4193
    ],
    [
      0.6145,
      1.2288,
      1.5349000000000002
    ],
    [
      0.6607999999999999,
      1.3213,
      1.6503999999999999
    ],
    [
      0.7269,
      1.4535,
      1.8154
    ],
    [
      0.7731,
      1.5459,
      1.931
    ],
    [
      0.826,
      1.6517,
      2.063
    ],
    [
      0.8987,
      1.797,
      2.2445
    ],
    [
      0.9714,
      1.9423,
      2.4261
    ],
    [
      1.0441,
      2.0877,
      2.6075999999999997
    ],
    [
      1.1234,
      2.2462,
      2.8057
    ],
    [
      1.2026999999999999,
      2.4048,
      3.0037000000000003
    ]
  ],
  "skill": [
    [
      1.232
    ],
    [
      1.3244
    ],
    [
      1.4168
    ],
    [
      1.54
    ],
    [
      1.6324
    ],
    [
      1.7247999999999999
    ],
    [
      1.848
    ],
    [
      1.9712
    ],
    [
      2.0944
    ],
    [
      2.2176
    ],
    [
      2.3408
    ],
    [
      2.464
    ],
    [
      2.6180000000000003
    ]
  ],
  "burst": [
    [
      0.2808,
      5.0544
    ],
    [
      0.3019,
      5.4335
    ],
    [
      0.32289999999999996,
      5.8126
    ],
    [
      0.35100000000000003,
      6.318
    ],
    [
      0.3721,
      6.697100000000001
    ],
    [
      0.3931,
      7.0762
    ],
    [
      0.42119999999999996,
      7.5816
    ],
    [
      0.4493,
      8.087
    ],
    [
      0.47740000000000005,
      8.5925
    ],
    [
      0.5054,
      9.0979
    ],
    [
      0.5335,
      9.6034
    ],
    [
      0.5616,
      10.1088
    ],
    [
      0.5967,
      10.740599999999999
    ],
    [
      0.632,
      11.37
    ]
  ]
}