{
  "ascension": null,
  "energy": 80,
  "stats": {
    "1": [
      1001.0,
      27.0,
      61.0,
      0,
      0.5,
      0.05
    ],
    "20": [
      2597.0,
      69.0,
      158.0,
      0,
      0.5,
      0.05
    ],
    "20+": [
      3455.0,
      92.0,
      211.0,
      0,
      0.5,
      0.05
    ],
    "40": [
      5170.0,
      138.0,
      315.0,
      0,
      0.5,
      0.05
    ],
    "40+": [
      5779.0,
      154.0,
      352.0,
      0,
      0.596,
      0.05
    ],
    "50": [
      6649.0,
      177.0,
      405.0,
      0,
      0.596,
      0.05
    ],
    "50+": [
      7462.0,
      198.0,
      455.0,
      0,
      0.6920000000000001,
      0.05
    ],
    "60": [
      8341.0,
      222.0,
      509.0,
      0,
      0.6920000000000001,
      0.05
    ],
    "60+": [
      8951.0,
      238.0,
      546.0,
      0,
      0.6920000000000001,
      0.05
    ],
    "70": [
      9838.0,
      262.0,
      600.0,
      0,
      0.6920000000000001,
      0.05
    ],
    "70+": [
      10448.0,
      278.0,
      637.0,
      0,
      0.7879999999999999,
      0.05
    ],
    "80": [
      11345.0,
      302.0,
      692.0,
      0,
      0.7879999999999999,
      0.05
    ],
    "80+": [
      11954.0,
      318.0,
      729.0,
      0,
      0.884,
      0.05
    ],
    "90": [
      12858.0,
      342.0,
      784.0,
      0,
      0.884,
      0.05
    ]
  }
}