{
  "normal": [
    [
      0.4573,
      0.4868,
      0.6262,
      "22.65",
      0.7818
    ],
    [
      0.49450000000000005,
      0.5265,
      0.6772,
      "24.49",
      0.8454999999999999
    ],
    [
      0.5317000000000001,
      0.5661,
      0.7282,
      "26.33",
      0.9091
    ],
    [
      0.5849,
      0.6227,
      0.8009999999999999,
      "28.97",
      1.0
    ],
    [
      0.6221,
      0.6623,
      0.8519,
      "30.81",
      1.0636
    ],
    [
      0.6646,
      0.7076,
      0.9102,
      "32.92",
      1.1364
    ],
    [
      0.7231000000000001,
      0.7698999999999999,
      0.9903,
      "35.81",
      1.2364
    ],
    [
      0.7816,
      0.8321999999999999,
      1.0704,
      "38.71",
      1.3363999999999998
    ],
    [
      0.8401000000000001,
      0.8944,
      1.1505,
      "41.61",
      1.4364
    ],
    [
      0.9039,
      0.9623999999999999,
      1.2379,
      "44.77",
      1.5455
    ],
    [
      0.9677,
      1.0303,
      1.3253,
      "47.93",
      1.6544999999999999
    ]
  ],
  "charged": [
    [
      "55.13"
    ],
    [
      "59.61"
    ],
    [
      "64.1"
    ],
    [
      "70.51"
    ],
    [
      "75"
    ],
    [
      "80.13"
    ],
    [
      "87.18"
    ],
    [
      "94.23"
    ],
    [
      "101.28"
    ],
    [
      "108.97"
    ],
    [
      "116.66"
    ]
  ],
  "plunge": [
    [
      0.6393,
      1.2784,
      1.5968
    ],
    [
      0.6914,
      1.3824,
      1.7267
    ],
    [
      0.7434000000000001,
      1.4865000000000002,
      1.8566999999999998
    ],
    [
      0.8177,
      1.6351,
      2.0424
    ],
    [
      0.8698,
      1.7391999999999999,
      2.1723
    ],
    [
      0.9292,
      1.8581,
      2.3209
    ],
    [
      1.011,
      2.0216,
      2.5251
    ],
    [
      1.0928,
      2.1851,
      2.7293000000000003
    ],
    [
      1.1745999999999999,
      2.3486000000000002,
      2.9336
    ],
    [
      1.2638,
      2.5269999999999997,
      3.1563999999999997
    ],
    [
      1.3530000000000002,
      2.7054,
      3.3792
    ]
  ],
  "skill": [
    [
      2.392
    ],
    [
      2.5713999999999997
    ],
    [
      2.7508
    ],
    [
      2.99
    ],
    [
      3.1694
    ],
    [
      3.3487999999999998
    ],
    [
      3.588
    ],
    [
      3.8272000000000004
    ],
    [
      4.0664
    ],
    [
      4.3056
    ],
    [
      4.5448
    ],
    [
      4.784
    ],
    [
      5.083
    ]
  ],
  "burst": [
    [
      1.123,
      1.6844999999999999
    ],
    [
      1.2072,
      1.8108000000000002
    ],
    [
      1.2915,
      1.9372
    ],
    [
      1.4038,
      2.1056
    ],
    [
      1.4880000000000002,
      2.2319999999999998
    ],
    [
      1.5722,
      2.3583000000000003
    ],
    [
      1.6844999999999999,
      2.5267
    ],
    [
      1.7968000000000002,
      2.6952
    ],
    [
      1.9091,
      2.8637
    ],
    [
      2.0214,
      3.0321
    ],
    [
      2.1337,
      3.2005
    ],
    [
      2.246,
      3.3689999999999998
    ],
    [
      2.3864,
      3.5795999999999997
    ]
  ]
}