{
  "normal": [
    [
      0.3784,
      0.3552,
      0.4104,
      0.552
    ],
    [
      0.4068,
      0.3818,
      0.4412,
      0.5934
    ],
    [
      0.43520000000000003,
      0.40850000000000003,
      0.47200000000000003,
      0.6347999999999999
    ],
    [
      0.473,
      0.444,
      0.513,
      0.69
    ],
    [
      0.5014,
      0.4706,
      0.5438000000000001,
      0.7314
    ],
    [
      0.5297999999999999,
      0.49729999999999996,
      0.5746,
      0.7728
    ],
    [
      0.5676,
      0.5328,
      0.6156,
      0.828
    ],
    [
      0.6053999999999999,
      0.5683,
      0.6566,
      0.8832
    ],
    [
      0.6433,
      0.6038,
      0.6977,
      0.9384
    ],
    [
      0.6811,
      0.6394,
      0.7387,
      0.9936
    ],
    [
      0.7204999999999999,
      0.6762999999999999,
      0.7814,
      1.051
    ]
  ],
  "charged": [
    [
      1.6624
    ],
    [
      1.7871000000000001
    ],
    [
      1.9118000000000002
    ],
    [
      2.0780000000000003
    ],
    [
      2.2027
    ],
    [
      2.3274
    ],
    [
      2.4936000000000003
    ],
    [
      2.6598
    ],
    [
      2.8261000000000003
    ],
    [
      2.9923
    ],
    [
      3.1652
    ]
  ],
  "plunge": [
    [
      0.5683,
      1.1362999999999999,
      1.4193
    ],
    [
      0.6145,
      1.2288,
      1.5349000000000002
    ],
    [
      0.6607999999999999,
      1.3213,
      1.6503999999999999
    ],
    [
      0.7269,
      1.4535,
      1.8154
    ],
    [
      0.7731,
      1.5459,
      1.931
    ],
    [
      0.826,
      1.6517,
      2.063
    ],
    [
      0.8987,
      1.797,
      2.2445
    ],
    [
      0.9714,
      1.9423,
      2.4261
    ],
    [
      1.0441,
      2.0877,
      2.6075999999999997
    ],
    [
      1.1234,
      2.2462,
      2.8057
    ],
    [
      1.2026999999999999,
      2.4048,
      3.0037000000000003
    ]
  ],
  "skill": [
    [
      0.584
    ],
    [
      0.6278
    ],
    [
      0.6716
    ],
    [
      0.73
    ],
    [
      0.7737999999999999
    ],
    [
      0.8176000000000001
    ],
    [
      0.8759999999999999
    ],
    [
      0.9344
    ],
    [
      0.9928
    ],
    [
      1.0512000000000001
    ],
    [
      1.1096
    ],
    [
      1.168
    ],
    [
      1.2409999999999999
    ]
  ],
  "burst": []
}