{
  "normal": [
    [
      0.7112,
      0.7086,
      0.8832,
      0.8652,
      1.1214
    ],
    [
      0.7691,
      0.7663,
      0.9551000000000001,
      0.9356,
      1.2127
    ],
    [
      0.8270000000000001,
      0.8240000000000001,
      1.0270000000000001,
      1.006,
      1.304
    ],
    [
      0.9097,
      0.9064,
      1.1297,
      1.1066,
      1.4344
    ],
    [
      0.9676,
      0.9641,
      1.2016,
      1.177,
      1.5256999999999998
    ],
    [
      1.0338,
      1.03,
      1.2838,
      1.2575,
      1.63
    ],
    [
      1.1247,
      1.1206,
      1.3966999999999998,
      1.3681999999999999,
      1.7734
    ],
    [
      1.2157,
      1.2113,
      1.5097,
      1.4788,
      1.9169
    ],
    [
      1.3067,
      1.3019,
      1.6227,
      1.5895,
      2.0603
    ],
    [
      1.4059,
      1.4008,
      1.7459,
      1.7102000000000002,
      2.2168
    ],
    [
      1.5196,
      1.5141,
      1.8871,
      1.8485,
      2.3961
    ]
  ],
  "charged": [
    [
      0.5624,
      1.0182
    ],
    [
      0.6082,
      1.1011
    ],
    [
      0.654,
      1.1840000000000002
    ],
    [
      0.7193999999999999,
      1.3024
    ],
    [
      0.7652,
      1.3853
    ],
    [
      0.8175,
      1.48
    ],
    [
      0.8894,
      1.6102
    ],
    [
      0.9614,
      1.7405000000000002
    ],
    [
      1.03,
      1.8707
    ],
    [
      1.11,
      2.0128
    ],
    [
      1.2,
      2.1756
    ]
  ],
  "plunge": [
    [
      0.7459,
      1.4913999999999998,
      1.8629
    ],
    [
      0.8066,
      1.6128,
      2.0145
    ],
    [
      0.8673000000000001,
      1.7342,
      2.1662
    ],
    [
      0.9540000000000001,
      1.9077000000000002,
      2.3828
    ],
    [
      1.0147,
      2.0291,
      2.5343999999999998
    ],
    [
      1.0841,
      2.1678,
      2.7077
    ],
    [
      1.1795,
      2.3586,
      2.946
    ],
    [
      1.2749,
      2.5493,
      3.1842
    ],
    [
      1.3703,
      2.7401,
      3.4225
    ],
    [
      1.4744,
      2.9482,
      3.6825
    ],
    [
      1.5785,
      3.1563,
      3.9424
    ]
  ],
  "skill": [
    [
      1.216
    ],
    [
      1.3072
    ],
    [
      1.3984
    ],
    [
      1.52
    ],
    [
      1.6112
    ],
    [
      1.7024000000000001
    ],
    [
      1.824
    ],
    [
      1.9456
    ],
    [
      2.0672
    ],
    [
      2.1888
    ],
    [
      2.3104
    ],
    [
      2.432
    ],
    [
      2.5839999999999996
    ]
  ],
  "burst": [
    [
      1.216,
      0.96
    ],
    [
      1.3072,
      1.032
    ],
    [
      1.3984,
      1.104
    ],
    [
      1.52,
      1.2
    ],
    [
      1.6112,
      1.272
    ],
    [
      1.7024000000000001,
      1.344
    ],
    [
      1.824,
      1.44
    ],
    [
      1.9456,
      1.536
    ],
    [
      2.0672,
      1.632
    ],
    [
      2.1888,
      1.7280000000000002
    ],
    [
      2.3104,
      1.824
    ],
    [
      2.432,
      1.92
    ],
    [
      2.5839999999999996,
      2.04
    ],
    [
      2.74,
      2.16
    ]
  ]
}