{
  "normal": [
    [
      0.44549999999999995,
      0.4274,
      0.5461,
      0.5968,
      0.7190000000000001
    ],
    [
      0.4817,
      0.4622,
      0.5905,
      0.6454000000000001,
      0.7775
    ],
    [
      0.518,
      0.49700000000000005,
      0.635,
      0.6940000000000001,
      0.836
    ],
    [
      0.5698,
      0.5467,
      0.6984999999999999,
      0.7634000000000001,
      0.9196
    ],
    [
      0.6061,
      0.5815,
      0.743,
      0.812,
      0.9781
    ],
    [
      0.6475,
      0.6213000000000001,
      0.7938,
      0.8675,
      1.045
    ],
    [
      0.7045,
      0.6759000000000001,
      0.8636,
      0.9438,
      1.137
    ],
    [
      0.7615000000000001,
      0.7306,
      0.9334,
      1.0202,
      1.2289
    ],
    [
      0.8184,
      0.7853,
      1.0033,
      1.0965,
      1.3209
    ],
    [
      0.8806,
      0.8449,
      1.0795000000000001,
      1.1798,
      1.4212
    ],
    [
      0.9428,
      0.9045000000000001,
      1.1557,
      1.2631000000000001,
      1.5215
    ]
  ],
  "charged": [
    [
      "55.9",
      "60.72"
    ],
    [
      "60.45",
      "65.66"
    ],
    [
      65.0,
      "70.6"
    ],
    [
      "71.5",
      "77.66"
    ],
    [
      "76.05",
      "82.6"
    ],
    [
      "81.25",
      "88.25"
    ],
    [
      "88.4",
      "96.02"
    ],
    [
      "95.55",
      "103.78"
    ],
    [
      "102.7",
      "111.55"
    ],
    [
      "110.5",
      "120.02"
    ],
    [
      "118.3",
      "128.49"
    ]
  ],
  "plunge": [
    [
      0.6393,
      1.2784,
      1.5968
    ],
    [
      0.6914,
      1.3824,
      1.7267
    ],
    [
      0.7434000000000001,
      1.4865000000000002,
      1.8566999999999998
    ],
    [
      0.8177,
      1.6351,
      2.0424
    ],
    [
      0.8698,
      1.7391999999999999,
      2.1723
    ],
    [
      0.9292,
      1.8581,
      2.3209
    ],
    [
      1.011,
      2.0216,
      2.5251
    ],
    [
      1.0928,
      2.1851,
      2.7293000000000003
    ],
    [
      1.1745999999999999,
      2.3486000000000002,
      2.9336
    ],
    [
      1.2638,
      2.5269999999999997,
      3.1563999999999997
    ],
    [
      1.3530000000000002,
      2.7054,
      3.3792
    ]
  ],
  "skill": [
    [
      1.376,
      84.0,
      92.0,
      88.0,
      96.0,
      1.32
    ],
    [
      1.4791999999999998,
      "90.3",
      "98.9",
      "94.6",
      "103.2",
      1.419
    ],
    [
      1.5824,
      "96.6",
      "105.8",
      "101.2",
      "110.4",
      1.518
    ],
    [
      1.72,
      105.0,
      115.0,
      110.0,
      120.0,
      1.65
    ],
    [
      1.8232,
      "111.3",
      "121.9",
      "116.6",
      "127.2",
      1.749
    ],
    [
      1.9264,
      "117.6",
      "128.8",
      "123.2",
      "134.4",
      1.848
    ],
    [
      2.064,
      126.0,
      138.0,
      132.0,
      144.0,
      1.98
    ],
    [
      2.2016,
      "134.4",
      "147.2",
      "140.8",
      "153.6",
      2.112
    ],
    [
      2.3392,
      "142.8",
      "156.4",
      "149.6",
      "163.2",
      2.244
    ],
    [
      2.4768,
      "151.2",
      "165.6",
      "158.4",
      "172.8",
      2.376
    ],
    [
      2.6144,
      "159.6",
      "174.8",
      "167.2",
      "182.4",
      2.508
    ],
    [
      2.752,
      168.0,
      184.0,
      176.0,
      192.0,
      2.64
    ],
    [
      2.924,
      "178.5",
      "195.5",
      187.0,
      204.0,
      2.805
    ]
  ],
  "burst": [
    [
      2.3280000000000003
    ],
    [
      2.5025999999999997
    ],
    [
      2.6772000000000005
    ],
    [
      2.91
    ],
    [
      3.0846
    ],
    [
      3.2592000000000003
    ],
    [
      3.492
    ],
    [
      3.7248
    ],
    [
      3.9576
    ],
    [
      4.1904
    ],
    [
      4.4232
    ],
    [
      4.656000000000001
    ],
    [
      4.947
    ],
    [
      5.24
    ]
  ]
}