{
  "normal": [
    [
      0.7,
      0.6312,
      0.8031999999999999,
      1.0122
    ],
    [
      0.757,
      0.6826000000000001,
      0.8686,
      1.0946
    ],
    [
      0.8140000000000001,
      0.7340000000000001,
      0.934,
      1.177
    ],
    [
      0.8954000000000001,
      0.8073999999999999,
      1.0273999999999999,
      1.2947
    ],
    [
      0.9523999999999999,
      0.8588,
      1.0928,
      1.3771
    ],
    [
      1.0175,
      0.9175,
      1.1675,
      1.4713
    ],
    [
      1.107,
      0.9982,
      1.2702,
      1.6007
    ],
    [
      1.1965999999999999,
      1.079,
      1.3730000000000002,
      1.7302000000000002
    ],
    [
      1.2861000000000002,
      1.1597,
      1.4757,
      1.8597
    ],
    [
      1.3838,
      1.2478,
      1.5878,
      2.0009
    ],
    [
      1.4815,
      1.3359,
      1.6999000000000002,
      2.1421
    ]
  ],
  "charged": [
    [
      0.5629,
      1.0178
    ],
    [
      0.6087,
      1.1007
    ],
    [
      0.6545000000000001,
      1.1835
    ],
    [
      0.7199,
      1.3019
    ],
    [
      0.7656999999999999,
      1.3847
    ],
    [
      0.8181,
      1.4794
    ],
    [
      0.8901,
      1.6096000000000001
    ],
    [
      0.9621,
      1.7397
    ],
    [
      1.0341,
      1.8699000000000001
    ],
    [
      1.1126,
      2.012
    ],
    [
      1.1912,
      2.154
    ]
  ],
  "plunge": [
    [
      0.7459,
      1.4913999999999998,
      1.8629
    ],
    [
      0.8066,
      1.6128,
      2.0145
    ],
    [
      0.8673000000000001,
      1.7342,
      2.1662
    ],
    [
      0.9540000000000001,
      1.9077000000000002,
      2.3828
    ],
    [
      1.0147,
      2.0291,
      2.5343999999999998
    ],
    [
      1.0841,
      2.1678,
      2.7077
    ],
    [
      1.1795,
      2.3586,
      2.946
    ],
    [
      1.2749,
      2.5493,
      3.1842
    ],
    [
      1.3703,
      2.7401,
      3.4225
    ],
    [
      1.4744,
      2.9482,
      3.6825
    ],
    [
      1.5785,
      3.1563,
      3.9424
    ]
  ],
  "skill": [
    [
      1.7204
    ],
    [
      1.8494
    ],
    [
      1.9785
    ],
    [
      2.1505
    ],
    [
      2.2795
    ],
    [
      2.4086000000000003
    ],
    [
      2.5806
    ],
    [
      2.7525999999999997
    ],
    [
      2.9247
    ],
    [
      3.0967000000000002
    ],
    [
      3.2688
    ],
    [
      3.4408
    ],
    [
      3.6557999999999997
    ]
  ],
  "burst": [
    [
      1.4240000000000002
    ],
    [
      1.5308000000000002
    ],
    [
      1.6376
    ],
    [
      1.78
    ],
    [
      1.8868
    ],
    [
      1.9936
    ],
    [
      2.136
    ],
    [
      2.2784
    ],
    [
      2.4208000000000003
    ],
    [
      2.5632
    ],
    [
      2.7056
    ],
    [
      2.8480000000000003
    ],
    [
      3.0260000000000002
    ],
    [
      3.2
    ]
  ]
}