{
  "ascension": null,
  "stats": {
    "1": [
      1011.0,
      26.0,
      61.0,
      0,
      0.05,
      0.5
    ],
    "20": [
      2621.0,
      68.0,
      158.0,
      0,
      0.05,
      0.5
    ],
    "20+": [
      3488.0,
      90.0,
      211.0,
      0,
      0.05,
      0.5
    ],
    "40": [
      5219.0,
      135.0,
      315.0,
      0,
      0.05,
      0.5
    ],
    "40+": [
      5834.0,
      151.0,
      352.0,
      0,
      0.098,
      0.5
    ],
    "50": [
      6712.0,
      173.0,
      405.0,
      0,
      0.098,
      0.5
    ],
    "50+": [
      7533.0,
      194.0,
      455.0,
      0,
      0.146,
      0.5
    ],
    "60": [
      8421.0,
      217.0,
      509.0,
      0,
      0.146,
      0.5
    ],
    "60+": [
      9036.0,
      233.0,
      546.0,
      0,
      0.146,
      0.5
    ],
    "70": [
      9932.0,
      256.0,
      600.0,
      0,
      0.146,
      0.5
    ],
    "70+": [
      10547.0,
      272.0,
      637.0,
      0,
      0.19399999999999998,
      0.5
    ],
    "80": [
      11453.0,
      295.0,
      692.0,
      0,
      0.19399999999999998,
      0.5
    ],
    "80+": [
      12068.0,
      311.0,
      729.0,
      0,
      0.242,
      0.5
    ],
    "90": [
      12981.0,
      335.0,
      784.0,
      0,
      0.242,
      0.5
    ]
  }
}