{
  "normal": [
    [
      0.897,
      0.8763,
      0.9881,
      1.3399
    ],
    [
      0.97,
      0.9477,
      1.0686,
      1.4488999999999999
    ],
    [
      1.043,
      1.0190000000000001,
      1.149,
      1.558
    ],
    [
      1.1473,
      1.1209,
      1.2639,
      1.7138
    ],
    [
      1.2203,
      1.1922,
      1.3443,
      1.8229
    ],
    [
      1.3037999999999998,
      1.2738,
      1.4363,
      1.9475
    ],
    [
      1.4184999999999999,
      1.3858000000000001,
      1.5626,
      2.1189
    ],
    [
      1.5332,
      1.4979,
      1.689,
      2.2903000000000002
    ],
    [
      1.6479,
      1.61,
      1.8154,
      2.4616
    ],
    [
      1.7731000000000001,
      1.7323,
      1.9533,
      2.6486
    ],
    [
      1.9165,
      1.8724,
      2.1113,
      2.8627999999999996
    ]
  ],
  "charged": [
    [
      0.688,
      1.247
    ],
    [
      0.7440000000000001,
      1.3485
    ],
    [
      0.8,
      1.45
    ],
    [
      0.88,
      1.595
    ],
    [
      0.9359999999999999,
      1.6965000000000001
    ],
    [
      1.0,
      1.8125
    ],
    [
      1.088,
      1.972
    ],
    [
      1.176,
      2.1315
    ],
    [
      1.264,
      2.291
    ],
    [
      1.36,
      2.465
    ],
    [
      1.47,
      2.6644
    ]
  ],
  "plunge": [
    [
      0.8951,
      1.7897,
      2.2355
    ],
    [
      0.9679000000000001,
      1.9354,
      2.4174
    ],
    [
      1.0408,
      2.0811,
      2.5994
    ],
    [
      1.1448,
      2.2891999999999997,
      2.8593
    ],
    [
      1.2177,
      2.4349000000000003,
      3.0413
    ],
    [
      1.3009,
      2.6013,
      3.2492
    ],
    [
      1.4154,
      2.8303,
      3.5351999999999997
    ],
    [
      1.5299,
      3.0592,
      3.8211
    ],
    [
      1.6444,
      3.2881,
      4.107
    ],
    [
      1.7693,
      3.5378,
      4.4189
    ],
    [
      1.8941999999999999,
      3.7876,
      4.7309
    ]
  ],
  "skill": [
    [
      0.9440000000000001,
      0.976,
      1.288
    ],
    [
      1.0148000000000001,
      1.0492,
      1.3846
    ],
    [
      1.0856000000000001,
      1.1223999999999998,
      1.4812
    ],
    [
      1.18,
      1.22,
      1.61
    ],
    [
      1.2508,
      1.2932,
      1.7066
    ],
    [
      1.3215999999999999,
      1.3663999999999998,
      1.8032
    ],
    [
      1.416,
      1.464,
      1.932
    ],
    [
      1.5104,
      1.5615999999999999,
      2.0608
    ],
    [
      1.6048,
      1.6591999999999998,
      2.1896
    ],
    [
      1.6991999999999998,
      1.7568000000000001,
      2.3184
    ],
    [
      1.7936,
      1.8544,
      2.4472
    ],
    [
      1.8880000000000001,
      1.952,
      2.576
    ],
    [
      2.006,
      2.074,
      2.737
    ]
  ],
  "burst": [
    [
      2.04,
      2.04
    ],
    [
      2.193,
      2.193
    ],
    [
      2.346,
      2.346
    ],
    [
      2.55,
      2.55
    ],
    [
      2.7030000000000003,
      2.7030000000000003
    ],
    [
      2.8560000000000003,
      2.8560000000000003
    ],
    [
      3.06,
      3.06
    ],
    [
      3.264,
      3.264
    ],
    [
      3.468,
      3.468
    ],
    [
      3.6719999999999997,
      3.6719999999999997
    ],
    [
      3.8760000000000003,
      3.8760000000000003
    ],
    [
      4.08,
      4.08
    ],
    [
      4.335,
      4.335
    ],
    [
      4.59,
      4.59
    ]
  ]
}