{
  "normal": [
    [
      0.36119999999999997,
      0.3354,
      0.4558,
      0.43,
      0.5375
    ],
    [
      0.3906,
      0.3627,
      0.4929,
      0.465,
      0.5813
    ],
    [
      0.42,
      0.39,
      0.53,
      0.5,
      0.625
    ],
    [
      0.462,
      0.429,
      0.583,
      0.55,
      0.6875
    ],
    [
      0.4914,
      0.45630000000000004,
      0.6201,
      0.585,
      0.7313
    ],
    [
      0.525,
      0.4875,
      0.6625,
      0.625,
      0.7813
    ],
    [
      0.5711999999999999,
      0.5304,
      0.7208,
      0.68,
      0.85
    ],
    [
      0.6174000000000001,
      0.5733,
      0.7791,
      0.735,
      0.9188
    ],
    [
      0.6636,
      0.6162,
      0.8373999999999999,
      0.79,
      0.9875
    ],
    [
      0.7140000000000001,
      0.6629999999999999,
      0.9009999999999999,
      0.85,
      1.0625
    ],
    [
      0.7718,
      0.7166,
      0.9739,
      0.9188,
      1.1484
    ]
  ],
  "charged": [
    [
      0.4386,
      1.24
    ],
    [
      0.4743,
      1.3330000000000002
    ],
    [
      0.51,
      1.426
    ],
    [
      0.561,
      1.55
    ],
    [
      0.5967,
      1.643
    ],
    [
      0.6375,
      1.736
    ],
    [
      0.6936,
      1.86
    ],
    [
      0.7497,
      1.984
    ],
    [
      0.8058,
      2.108
    ],
    [
      0.867,
      2.2319999999999998
    ],
    [
      0.9370999999999999,
      2.3609999999999998
    ]
  ],
  "plunge": [
    [
      0.5683,
      1.1362999999999999,
      1.4193
    ],
    [
      0.6145,
      1.2288,
      1.5349000000000002
    ],
    [
      0.6607999999999999,
      1.3213,
      1.6503999999999999
    ],
    [
      0.7269,
      1.4535,
      1.8154
    ],
    [
      0.7731,
      1.5459,
      1.931
    ],
    [
      0.826,
      1.6517,
      2.063
    ],
    [
      0.8987,
      1.797,
      2.2445
    ],
    [
      0.9714,
      1.9423,
      2.4261
    ],
    [
      1.0441,
      2.0877,
      2.6075999999999997
    ],
    [
      1.1234,
      2.2462,
      2.8057
    ],
    [
      1.2026999999999999,
      2.4048,
      3.0037000000000003
    ]
  ],
  "skill": [
    [
      "41.92"
    ],
    [
      "45.06"
    ],
    [
      "48.21"
    ],
    [
      "52.4"
    ],
    [
      "55.54"
    ],
    [
      "58.69"
    ],
    [
      "62.88"
    ],
    [
      "67.07"
    ],
    [
      "71.26"
    ],
    [
      "75.46"
    ],
    [
      "79.65"
    ],
    [
      "83.84"
    ],
    [
      "89.08"
    ]
  ],
  "burst": [
    [
      0.8,
      0.5264
    ],
    [
      0.86,
      0.5659000000000001
    ],
    [
      0.92,
      0.6053999999999999
    ],
    [
      1.0,
      0.6579999999999999
    ],
    [
      1.06,
      0.6975
    ],
    [
      1.12,
      0.737
    ],
    [
      1.2,
      0.7896
    ],
    [
      1.28,
      0.8422
    ],
    [
      1.36,
      0.8948999999999999
    ],
    [
      1.44,
      0.9475
    ],
    [
      1.52,
      1.0002
    ],
    [
      1.6,
      1.0528
    ],
    [
      1.7,
      1.1186
    ],
    [
      1.8,
      1.1840000000000002
    ]
  ]
}