{
  "normal": [
    [
      0.8973,
      0.9355,
      "56.8",
      "56.8",
      1.1264,
      "71.83",
      "71.83"
    ],
    [
      0.9704,
      1.0117,
      "61.42",
      "61.42",
      1.2181,
      "77.68",
      "77.68"
    ],
    [
      1.0434,
      1.0878,
      "66.05",
      "66.05",
      1.3097999999999999,
      "83.53",
      "83.53"
    ],
    [
      1.1477,
      1.1965999999999999,
      "72.65",
      "72.65",
      1.4408,
      "91.88",
      "91.88"
    ],
    [
      1.2207999999999999,
      1.2727,
      "77.27",
      "77.27",
      1.5325,
      "97.73",
      "97.73"
    ],
    [
      1.3041999999999998,
      1.3597,
      "82.56",
      "82.56",
      1.6373,
      "104.41",
      "104.41"
    ],
    [
      1.419,
      1.4794,
      "89.82",
      "89.82",
      1.7812999999999999,
      "113.6",
      "113.6"
    ],
    [
      1.5338,
      1.5991,
      "97.09",
      "97.09",
      1.9254,
      "122.79",
      "122.79"
    ],
    [
      1.6486,
      1.7187000000000001,
      "104.35",
      "104.35",
      2.0694999999999997,
      "131.97",
      "131.97"
    ],
    [
      1.7738,
      1.8493000000000002,
      "112.28",
      "112.28",
      2.2266999999999997,
      142.0,
      142.0
    ],
    [
      1.9172,
      1.9988,
      "121.36",
      "121.36",
      2.4068,
      "153.48",
      "153.48"
    ]
  ],
  "charged": [
    [
      0.688,
      1.244
    ],
    [
      0.7440000000000001,
      1.3452000000000002
    ],
    [
      0.8,
      1.4465000000000001
    ],
    [
      0.88,
      1.5912
    ],
    [
      0.9359999999999999,
      1.6924000000000001
    ],
    [
      1.0,
      1.8081
    ],
    [
      1.088,
      1.9672
    ],
    [
      1.176,
      2.1264
    ],
    [
      1.264,
      2.2855000000000003
    ],
    [
      1.36,
      2.4591
    ],
    [
      1.47,
      2.6579
    ]
  ],
  "plunge": [
    [
      0.7459,
      1.4913999999999998,
      1.8629
    ],
    [
      0.8066,
      1.6128,
      2.0145
    ],
    [
      0.8673000000000001,
      1.7342,
      2.1662
    ],
    [
      0.9540000000000001,
      1.9077000000000002,
      2.3828
    ],
    [
      1.0147,
      2.0291,
      2.5343999999999998
    ],
    [
      1.0841,
      2.1678,
      2.7077
    ],
    [
      1.1795,
      2.3586,
      2.946
    ],
    [
      1.2749,
      2.5493,
      3.1842
    ],
    [
      1.3703,
      2.7401,
      3.4225
    ],
    [
      1.4744,
      2.9482,
      3.6825
    ],
    [
      1.5937000000000001,
      3.1867,
      3.9802999999999997
    ]
  ],
  "skill": [
    [
      1.464,
      2.456,
      0.96
    ],
    [
      1.5737999999999999,
      2.6401999999999997,
      1.032
    ],
    [
      1.6836000000000002,
      2.8244,
      1.104
    ],
    [
      1.83,
      3.07,
      1.2
    ],
    [
      1.9398,
      3.2542,
      1.272
    ],
    [
      2.0496,
      3.4383999999999997,
      1.344
    ],
    [
      2.1959999999999997,
      3.6839999999999997,
      1.44
    ],
    [
      2.3424,
      3.9295999999999998,
      1.536
    ],
    [
      2.4888,
      4.1752,
      1.632
    ],
    [
      2.6351999999999998,
      4.4208,
      1.7280000000000002
    ],
    [
      2.7816,
      4.666399999999999,
      1.824
    ],
    [
      2.928,
      4.912,
      1.92
    ],
    [
      3.111,
      5.218999999999999,
      2.04
    ]
  ],
  "burst": [
    [
      2.456,
      3.6705,
      0.7498999999999999
    ],
    [
      2.6401999999999997,
      3.9692000000000003,
      0.8109999999999999
    ],
    [
      2.8244,
      4.268,
      0.872
    ],
    [
      3.07,
      4.6948,
      0.9592
    ],
    [
      3.2542,
      4.9936,
      1.0202
    ],
    [
      3.4383999999999997,
      5.335,
      1.09
    ],
    [
      3.6839999999999997,
      5.804500000000001,
      1.1859
    ],
    [
      3.9295999999999998,
      6.274,
      1.2818
    ],
    [
      4.1752,
      6.7434,
      1.3778
    ],
    [
      4.4208,
      7.255599999999999,
      1.4824000000000002
    ],
    [
      4.666399999999999,
      7.8425,
      1.6022999999999998
    ],
    [
      4.912,
      8.5326,
      1.7433
    ],
    [
      5.218999999999999,
      9.2227,
      1.8843
    ]
  ]
}