{
  "ascension": null,
  "energy": 80,
  "stats": {
    "1": [
      1030.0,
      27.0,
      58.0,
      0,
      0.5,
      0.05
    ],
    "20": [
      2671.0,
      69.0,
      152.0,
      0,
      0.5,
      0.05
    ],
    "20+": [
      3554.0,
      92.0,
      202.0,
      0,
      0.5,
      0.05
    ],
    "40": [
      5317.0,
      138.0,
      302.0,
      0,
      0.5,
      0.05
    ],
    "40+": [
      5944.0,
      154.0,
      337.0,
      0,
      0.596,
      0.05
    ],
    "50": [
      6839.0,
      177.0,
      388.0,
      0,
      0.596,
      0.05
    ],
    "50+": [
      7675.0,
      198.0,
      436.0,
      0,
      0.6920000000000001,
      0.05
    ],
    "60": [
      8579.0,
      222.0,
      487.0,
      0,
      0.6920000000000001,
      0.05
    ],
    "60+": [
      9207.0,
      238.0,
      523.0,
      0,
      0.6920000000000001,
      0.05
    ],
    "70": [
      10119.0,
      262.0,
      574.0,
      0,
      0.6920000000000001,
      0.05
    ],
    "70+": [
      10746.0,
      278.0,
      610.0,
      0,
      0.7879999999999999,
      0.05
    ],
    "80": [
      11669.0,
      302.0,
      662.0,
      0,
      0.7879999999999999,
      0.05
    ],
    "80+": [
      12296.0,
      318.0,
      698.0,
      0,
      0.884,
      0.05
    ],
    "90": [
      13226.0,
      342.0,
      751.0,
      0,
      0.884,
      0.05
    ]
  }
}