{
  "normal": [
    [
      0.4412,
      0.4678,
      0.5814,
      0.5771000000000001,
      0.7206999999999999
    ],
    [
      0.4771,
      0.5059,
      0.6286999999999999,
      0.624,
      0.7793000000000001
    ],
    [
      0.513,
      0.544,
      0.6759999999999999,
      0.6709999999999999,
      0.838
    ],
    [
      0.5643,
      0.5984,
      0.7436,
      0.7381,
      0.9218000000000001
    ],
    [
      0.6002000000000001,
      0.6365,
      0.7909,
      0.7851,
      0.9804999999999999
    ],
    [
      0.6413,
      0.68,
      0.845,
      0.8388,
      1.0475
    ],
    [
      0.6977,
      0.7398,
      0.9194,
      0.9126000000000001,
      1.1397
    ],
    [
      0.7541,
      0.7997,
      0.9937,
      0.9864,
      1.2319
    ],
    [
      0.8105,
      0.8595,
      1.0681,
      1.0602,
      1.324
    ],
    [
      0.8721,
      0.9248000000000001,
      1.1492,
      1.1406999999999998,
      1.4246
    ],
    [
      0.9337000000000001,
      0.9901000000000001,
      1.2303,
      1.2212,
      1.5252000000000001
    ]
  ],
  "charged": [
    [
      0.4386,
      1.24
    ],
    [
      0.4743,
      1.3330000000000002
    ],
    [
      0.51,
      1.426
    ],
    [
      0.561,
      1.55
    ],
    [
      0.5967,
      1.643
    ],
    [
      0.6375,
      1.736
    ],
    [
      0.6936,
      1.86
    ],
    [
      0.7497,
      1.984
    ],
    [
      0.8058,
      2.108
    ],
    [
      0.867,
      2.2319999999999998
    ],
    [
      0.9281999999999999,
      2.356
    ]
  ],
  "plunge": [
    [
      0.5683,
      1.1362999999999999,
      1.4193
    ],
    [
      0.6145,
      1.2288,
      1.5349000000000002
    ],
    [
      0.6607999999999999,
      1.3213,
      1.6503999999999999
    ],
    [
      0.7269,
      1.4535,
      1.8154
    ],
    [
      0.7731,
      1.5459,
      1.931
    ],
    [
      0.826,
      1.6517,
      2.063
    ],
    [
      0.8987,
      1.797,
      2.2445
    ],
    [
      0.9714,
      1.9423,
      2.4261
    ],
    [
      1.0441,
      2.0877,
      2.6075999999999997
    ],
    [
      1.1234,
      2.2462,
      2.8057
    ],
    [
      1.2026999999999999,
      2.4048,
      3.0037000000000003
    ]
  ],
  "skill": [
    [
      0.888,
      1.1543999999999999,
      0.8,
      0.3
    ],
    [
      0.9545999999999999,
      1.2409999999999999,
      0.8,
      0.3
    ],
    [
      1.0212,
      1.3276,
      0.8,
      0.3
    ],
    [
      1.11,
      1.443,
      0.8,
      0.3
    ],
    [
      1.1765999999999999,
      1.5296,
      0.8,
      0.3
    ],
    [
      1.2431999999999999,
      1.6162,
      0.8,
      0.3
    ],
    [
      1.3319999999999999,
      1.7316,
      0.8,
      0.3
    ],
    [
      1.4208,
      1.847,
      0.8,
      0.3
    ],
    [
      1.5096,
      1.9625,
      0.8,
      0.3
    ],
    [
      1.5984,
      2.0779,
      0.8,
      0.3
    ],
    [
      1.6872,
      2.1934,
      0.8,
      0.3
    ],
    [
      1.776,
      2.3087999999999997,
      0.8,
      0.3
    ],
    [
      1.8869999999999998,
      2.4531,
      0.8,
      0.3
    ]
  ],
  "burst": [
    [
      2.08
    ],
    [
      2.2359999999999998
    ],
    [
      2.392
    ],
    [
      2.6
    ],
    [
      2.7560000000000002
    ],
    [
      2.912
    ],
    [
      3.12
    ],
    [
      3.3280000000000003
    ],
    [
      3.536
    ],
    [
      3.7439999999999998
    ],
    [
      3.952
    ],
    [
      4.16
    ],
    [
      4.42
    ],
    [
      4.68
    ]
  ]
}