{
  "normal": [
    [
      0.3173,
      0.35600000000000004,
      0.4549,
      0.4549,
      0.4825,
      0.5761999999999999
    ],
    [
      0.3432,
      0.385,
      0.49200000000000005,
      0.49200000000000005,
      0.5217,
      0.6231
    ],
    [
      0.369,
      0.414,
      0.529,
      0.529,
      0.561,
      0.67
    ],
    [
      0.40590000000000004,
      0.45539999999999997,
      0.5819,
      0.5819,
      0.6171,
      0.737
    ],
    [
      0.43170000000000003,
      0.4844,
      0.6189,
      0.6189,
      0.6564,
      0.7839
    ],
    [
      0.46130000000000004,
      0.5175,
      0.6613,
      0.6613,
      0.7012999999999999,
      0.8375
    ],
    [
      0.5018,
      0.563,
      0.7193999999999999,
      0.7193999999999999,
      0.763,
      0.9112
    ],
    [
      0.5424,
      0.6086,
      0.7776000000000001,
      0.7776000000000001,
      0.8247,
      0.9849
    ],
    [
      0.583,
      0.6541,
      0.8358,
      0.8358,
      0.8864,
      1.0586
    ],
    [
      0.6273,
      0.7038,
      0.8993000000000001,
      0.8993000000000001,
      0.9537,
      1.139
    ],
    [
      0.6779999999999999,
      0.7606999999999999,
      0.972,
      0.972,
      1.0308,
      1.2311
    ]
  ],
  "charged": [
    [
      0.4386,
      1.24,
      1.28,
      2.176
    ],
    [
      0.4743,
      1.3330000000000002,
      1.376,
      2.3392
    ],
    [
      0.51,
      1.426,
      1.472,
      2.5024
    ],
    [
      0.561,
      1.55,
      1.6,
      2.72
    ],
    [
      0.5967,
      1.643,
      1.696,
      2.8832
    ],
    [
      0.6375,
      1.736,
      1.7919999999999998,
      3.0463999999999998
    ],
    [
      0.6936,
      1.86,
      1.92,
      3.264
    ],
    [
      0.7497,
      1.984,
      2.048,
      3.4816000000000003
    ],
    [
      0.8058,
      2.108,
      2.176,
      3.6992000000000003
    ],
    [
      0.867,
      2.2319999999999998,
      2.3040000000000003,
      3.9168000000000003
    ],
    [
      0.9281999999999999,
      2.356,
      2.432,
      4.1344
    ]
  ],
  "plunge": [
    [
      0.5683,
      1.1362999999999999,
      1.4193
    ],
    [
      0.6145,
      1.2288,
      1.5349000000000002
    ],
    [
      0.6607999999999999,
      1.3213,
      1.6503999999999999
    ],
    [
      0.7269,
      1.4535,
      1.8154
    ],
    [
      0.7731,
      1.5459,
      1.931
    ],
    [
      0.826,
      1.6517,
      2.063
    ],
    [
      0.8987,
      1.797,
      2.2445
    ],
    [
      0.9714,
      1.9423,
      2.4261
    ],
    [
      1.0441,
      2.0877,
      2.6075999999999997
    ],
    [
      1.1234,
      2.2462,
      2.8057
    ],
    [
      1.2026999999999999,
      2.4048,
      3.0037000000000003
    ]
  ],
  "skill": [
    [
      1.32
    ],
    [
      1.419
    ],
    [
      1.518
    ],
    [
      1.65
    ],
    [
      1.749
    ],
    [
      1.848
    ],
    [
      1.98
    ],
    [
      2.112
    ],
    [
      2.244
    ],
    [
      2.376
    ],
    [
      2.508
    ],
    [
      2.64
    ],
    [
      2.805
    ]
  ],
  "burst": [
    [
      0.7027
    ],
    [
      0.7554000000000001
    ],
    [
      0.8081
    ],
    [
      0.8784000000000001
    ],
    [
      0.9311
    ],
    [
      0.9838
    ],
    [
      1.0541
    ],
    [
      1.1244
    ],
    [
      1.1945999999999999
    ],
    [
      1.2649
    ],
    [
      1.3352000000000002
    ],
    [
      1.4054
    ],
    [
      1.4933
    ],
    [
      1.58
    ]
  ]
}