{
  "ascension": null,
  "energy": 60,
  "stats": {
    "1": [
      763.0,
      26.0,
      49.0,
      0,
      0.5,
      0.05
    ],
    "20": [
      1978.0,
      68.0,
      127.0,
      0,
      0.5,
      0.05
    ],
    "20+": [
      2632.0,
      90.0,
      169.0,
      0,
      0.5,
      0.05
    ],
    "40": [
      3939.0,
      135.0,
      253.0,
      0,
      0.5,
      0.05
    ],
    "40+": [
      4403.0,
      151.0,
      283.0,
      0,
      0.596,
      0.05
    ],
    "50": [
      5066.0,
      173.0,
      326.0,
      0,
      0.596,
      0.05
    ],
    "50+": [
      5686.0,
      194.0,
      366.0,
      0,
      0.6920000000000001,
      0.05
    ],
    "60": [
      6355.0,
      217.0,
      409.0,
      0,
      0.6920000000000001,
      0.05
    ],
    "60+": [
      6820.0,
      233.0,
      439.0,
      0,
      0.6920000000000001,
      0.05
    ],
    "70": [
      7495.0,
      256.0,
      482.0,
      0,
      0.6920000000000001,
      0.05
    ],
    "70+": [
      7960.0,
      272.0,
      512.0,
      0,
      0.7879999999999999,
      0.05
    ],
    "80": [
      8643.0,
      295.0,
      556.0,
      0,
      0.7879999999999999,
      0.05
    ],
    "80+": [
      9108.0,
      311.0,
      586.0,
      0,
      0.884,
      0.05
    ],
    "90": [
      9797.0,
      335.0,
      630.0,
      0,
      0.884,
      0.05
    ]
  }
}