{
  "ascension": null,
  "stats": {
    "1": [
      1211.0,
      8.0,
      68.0,
      0,
      0.5,
      0.05
    ],
    "20": [
      3141.0,
      21.0,
      177.0,
      0,
      0.5,
      0.05
    ],
    "20+": [
      4179.0,
      29.0,
      235.0,
      0,
      0.5,
      0.05
    ],
    "40": [
      6253.0,
      43.0,
      352.0,
      0,
      0.5,
      0.05
    ],
    "40+": [
      6990.0,
      48.0,
      394.0,
      0,
      0.596,
      0.05
    ],
    "50": [
      8042.0,
      55.0,
      453.0,
      0,
      0.596,
      0.05
    ],
    "50+": [
      9026.0,
      62.0,
      508.0,
      0,
      0.6920000000000001,
      0.05
    ],
    "60": [
      10089.0,
      69.0,
      568.0,
      0,
      0.6920000000000001,
      0.05
    ],
    "60+": [
      10826.0,
      74.0,
      610.0,
      0,
      0.6920000000000001,
      0.05
    ],
    "70": [
      11899.0,
      81.0,
      670.0,
      0,
      0.6920000000000001,
      0.05
    ],
    "70+": [
      12637.0,
      86.0,
      712.0,
      0,
      0.7879999999999999,
      0.05
    ],
    "80": [
      13721.0,
      94.0,
      773.0,
      0,
      0.7879999999999999,
      0.05
    ],
    "80+": [
      14459.0,
      99.0,
      815.0,
      0,
      0.884,
      0.05
    ],
    "90": [
      15552.0,
      106.0,
      876.0,
      0,
      0.884,
      0.05
    ]
  }
}