{
  "normal": [
    [
      0.4833,
      0.4558,
      0.6029,
      0.6587999999999999,
      0.7920999999999999
    ],
    [
      0.5227,
      0.4929,
      0.6518999999999999,
      0.7123999999999999,
      0.8565
    ],
    [
      0.562,
      0.53,
      0.701,
      0.7659999999999999,
      0.9209999999999999
    ],
    [
      0.6182,
      0.583,
      0.7711,
      0.8426,
      1.0131000000000001
    ],
    [
      0.6575,
      0.6201,
      0.8201999999999999,
      0.8962,
      1.0776000000000001
    ],
    [
      0.7025,
      0.6625,
      0.8763,
      0.9575,
      1.1513
    ],
    [
      0.7643000000000001,
      0.7208,
      0.9534,
      1.0418,
      1.2526000000000002
    ],
    [
      0.8261,
      0.7791,
      1.0305,
      1.126,
      1.3538999999999999
    ],
    [
      0.888,
      0.8373999999999999,
      1.1076000000000001,
      1.2103,
      1.4552
    ],
    [
      0.9554,
      0.9009999999999999,
      1.1917,
      1.3022,
      1.5656999999999999
    ],
    [
      1.0327,
      0.9739,
      1.2881,
      1.4075,
      1.6923
    ]
  ],
  "charged": [
    [
      1.6202
    ],
    [
      1.7521
    ],
    [
      1.8840000000000001
    ],
    [
      2.0724
    ],
    [
      2.2043
    ],
    [
      2.355
    ],
    [
      2.5622000000000003
    ],
    [
      2.7695
    ],
    [
      2.9767
    ],
    [
      3.2028
    ],
    [
      3.4619
    ]
  ],
  "plunge": [
    [
      0.6393,
      1.2784,
      1.5968
    ],
    [
      0.6914,
      1.3824,
      1.7267
    ],
    [
      0.7434000000000001,
      1.4865000000000002,
      1.8566999999999998
    ],
    [
      0.8177,
      1.6351,
      2.0424
    ],
    [
      0.8698,
      1.7391999999999999,
      2.1723
    ],
    [
      0.9292,
      1.8581,
      2.3209
    ],
    [
      1.011,
      2.0216,
      2.5251
    ],
    [
      1.0928,
      2.1851,
      2.7293000000000003
    ],
    [
      1.1745999999999999,
      2.3486000000000002,
      2.9336
    ],
    [
      1.2638,
      2.5269999999999997,
      3.1563999999999997
    ],
    [
      1.3530000000000002,
      2.7054,
      3.3792
    ]
  ],
  "skill": [
    [
      2.92
    ],
    [
      3.139
    ],
    [
      3.358
    ],
    [
      3.65
    ],
    [
      3.8689999999999998
    ],
    [
      4.088
    ],
    [
      4.38
    ],
    [
      4.672
    ],
    [
      4.9639999999999995
    ],
    [
      5.256
    ],
    [
      5.547999999999999
    ],
    [
      5.84
    ],
    [
      6.205
    ]
  ],
  "burst": [
    [
      4.248,
      0.784
    ],
    [
      4.5666,
      0.8428
    ],
    [
      4.8852,
      0.9016
    ],
    [
      5.31,
      0.98
    ],
    [
      5.6286000000000005,
      1.0388
    ],
    [
      5.9472000000000005,
      1.0976000000000001
    ],
    [
      6.372000000000001,
      1.176
    ],
    [
      6.796799999999999,
      1.2544
    ],
    [
      7.2216,
      1.3328
    ],
    [
      7.6464,
      1.4112
    ],
    [
      8.0712,
      1.4896
    ],
    [
      8.496,
      1.568
    ],
    [
      9.027000000000001,
      1.666
    ],
    [
      9.56,
      1.76
    ]
  ]
}