{
  "normal": [
    [
      0.5375,
      0.5169,
      0.6527,
      0.7086,
      0.8824
    ],
    [
      0.5813,
      0.5589,
      0.7059000000000001,
      0.7663,
      0.9542
    ],
    [
      0.625,
      0.601,
      0.759,
      0.8240000000000001,
      1.026
    ],
    [
      0.6875,
      0.6611,
      0.8349,
      0.9064,
      1.1286
    ],
    [
      0.7313,
      0.7031999999999999,
      0.888,
      0.9641,
      1.2004000000000001
    ],
    [
      0.7813,
      0.7513,
      0.9488,
      1.03,
      1.2825
    ],
    [
      0.85,
      0.8173999999999999,
      1.0322,
      1.1206,
      1.3954
    ],
    [
      0.9188,
      0.8835,
      1.1157,
      1.2113,
      1.5082
    ],
    [
      0.9875,
      0.9495999999999999,
      1.1992,
      1.3019,
      1.6211000000000002
    ],
    [
      1.0625,
      1.0217,
      1.2903,
      1.4008,
      1.7442
    ],
    [
      1.1484,
      1.1043,
      1.3947,
      1.5141,
      1.8853
    ]
  ],
  "charged": [
    [
      "55.04",
      "73.1"
    ],
    [
      "59.52",
      "79.05"
    ],
    [
      64.0,
      85.0
    ],
    [
      "70.4",
      "93.5"
    ],
    [
      "74.88",
      "99.45"
    ],
    [
      80.0,
      "106.25"
    ],
    [
      "87.04",
      "115.6"
    ],
    [
      "94.08",
      "124.95"
    ],
    [
      "101.12",
      "134.3"
    ],
    [
      "108.8",
      "144.5"
    ],
    [
      "117.6",
      "156.19"
    ]
  ],
  "plunge": [
    [
      0.6393,
      1.2784,
      1.5968
    ],
    [
      0.6914,
      1.3824,
      1.7267
    ],
    [
      0.7434000000000001,
      1.4865000000000002,
      1.8566999999999998
    ],
    [
      0.8177,
      1.6351,
      2.0424
    ],
    [
      0.8698,
      1.7391999999999999,
      2.1723
    ],
    [
      0.9292,
      1.8581,
      2.3209
    ],
    [
      1.011,
      2.0216,
      2.5251
    ],
    [
      1.0928,
      2.1851,
      2.7293000000000003
    ],
    [
      1.1745999999999999,
      2.3486000000000002,
      2.9336
    ],
    [
      1.2638,
      2.5269999999999997,
      3.1563999999999997
    ],
    [
      1.3530000000000002,
      2.7054,
      3.3792
    ]
  ],
  "skill": [
    [
      1.912
    ],
    [
      2.0554
    ],
    [
      2.1988
    ],
    [
      2.39
    ],
    [
      2.5334
    ],
    [
      2.6768
    ],
    [
      2.8680000000000003
    ],
    [
      3.0592
    ],
    [
      3.2504000000000004
    ],
    [
      3.4416
    ],
    [
      3.6327999999999996
    ],
    [
      3.824
    ],
    [
      4.063
    ]
  ],
  "burst": [
    [
      0.7759999999999999
    ],
    [
      0.8342
    ],
    [
      0.8924
    ],
    [
      0.97
    ],
    [
      1.0282
    ],
    [
      1.0864
    ],
    [
      1.1640000000000001
    ],
    [
      1.2416
    ],
    [
      1.3192
    ],
    [
      1.3968
    ],
    [
      1.4744
    ],
    [
      1.5519999999999998
    ],
    [
      1.649
    ],
    [
      1.75
    ]
  ]
}