{
  "normal": [
    [
      0.4498,
      0.4524,
      "25.8",
      "30.96",
      0.6072,
      "25.37"
    ],
    [
      0.4864,
      0.4892,
      "27.9",
      "33.48",
      0.6566,
      "27.43"
    ],
    [
      0.523,
      0.526,
      30.0,
      36.0,
      0.706,
      "29.5"
    ],
    [
      0.5753,
      0.5786,
      33.0,
      "39.6",
      0.7766,
      "32.45"
    ],
    [
      0.6119,
      0.6154,
      "35.1",
      "42.12",
      0.826,
      "34.52"
    ],
    [
      0.6537999999999999,
      0.6575,
      "37.5",
      45.0,
      0.8825,
      "36.88"
    ],
    [
      0.7112999999999999,
      0.7154,
      "40.8",
      "48.96",
      0.9601999999999999,
      "40.12"
    ],
    [
      0.7687999999999999,
      0.7731999999999999,
      "44.1",
      "52.92",
      1.0378,
      "43.36"
    ],
    [
      0.8262999999999999,
      0.8311,
      "47.4",
      "56.88",
      1.1155,
      "46.61"
    ],
    [
      0.8891,
      0.8942,
      51.0,
      "61.2",
      1.2002,
      "50.15"
    ],
    [
      0.961,
      0.9665,
      "55.13",
      "66.15",
      1.2973,
      "54.21"
    ]
  ],
  "charged": [
    [
      43.0,
      "74.65"
    ],
    [
      "46.5",
      "80.72"
    ],
    [
      50.0,
      "86.8"
    ],
    [
      55.0,
      "95.48"
    ],
    [
      "58.5",
      "101.56"
    ],
    [
      "62.5",
      "108.5"
    ],
    [
      68.0,
      "118.05"
    ],
    [
      "73.5",
      "127.6"
    ],
    [
      79.0,
      "137.14"
    ],
    [
      85.0,
      "147.56"
    ],
    [
      "91.88",
      "159.5"
    ]
  ],
  "plunge": [
    [
      0.8183,
      1.6362999999999999,
      2.0439
    ],
    [
      0.8848999999999999,
      1.7694999999999999,
      2.2102
    ],
    [
      0.9516,
      1.9027,
      2.3766
    ],
    [
      1.0467,
      2.093,
      2.6142000000000003
    ],
    [
      1.1133,
      2.2262,
      2.7806
    ],
    [
      1.1894,
      2.3784,
      2.9707
    ],
    [
      1.2941,
      2.5877,
      3.2321
    ],
    [
      1.3988,
      2.7969999999999997,
      3.4936000000000003
    ],
    [
      1.5034999999999998,
      3.0063,
      3.755
    ],
    [
      1.6176,
      3.2346,
      4.0402
    ],
    [
      1.7318,
      3.4629000000000003,
      4.3254
    ]
  ],
  "skill": [
    [
      1.92,
      2.608
    ],
    [
      2.064,
      2.8036000000000003
    ],
    [
      2.208,
      2.9992
    ],
    [
      2.4,
      3.26
    ],
    [
      2.544,
      3.4556
    ],
    [
      2.688,
      3.6512000000000002
    ],
    [
      2.88,
      3.912
    ],
    [
      3.072,
      4.1728
    ],
    [
      3.264,
      4.4336
    ],
    [
      3.4560000000000004,
      4.6944
    ],
    [
      3.648,
      4.9552
    ],
    [
      3.84,
      5.216
    ],
    [
      4.08,
      5.542000000000001
    ]
  ],
  "burst": [
    [
      2.6239999999999997,
      0.36
    ],
    [
      2.8207999999999998,
      0.387
    ],
    [
      3.0176,
      0.414
    ],
    [
      3.28,
      0.45
    ],
    [
      3.4768,
      0.47700000000000004
    ],
    [
      3.6736,
      0.504
    ],
    [
      3.9360000000000004,
      0.54
    ],
    [
      4.1983999999999995,
      0.5760000000000001
    ],
    [
      4.4608,
      0.612
    ],
    [
      4.7232,
      0.648
    ],
    [
      4.9856,
      0.684
    ],
    [
      5.247999999999999,
      0.72
    ],
    [
      5.5760000000000005,
      0.765
    ]
  ]
}