{
  "ascension": null,
  "energy": 40,
  "stats": {
    "1": [
      1020.0,
      25.0,
      62.0,
      0,
      0.5,
      0.05
    ],
    "20": [
      2646.0,
      65.0,
      161.0,
      0,
      0.5,
      0.05
    ],
    "20+": [
      3521.0,
      87.0,
      215.0,
      0,
      0.5,
      0.05
    ],
    "40": [
      5268.0,
      130.0,
      321.0,
      0,
      0.5,
      0.05
    ],
    "40+": [
      5889.0,
      145.0,
      359.0,
      0,
      0.596,
      0.05
    ],
    "50": [
      6776.0,
      167.0,
      413.0,
      0,
      0.596,
      0.05
    ],
    "50+": [
      7604.0,
      187.0,
      464.0,
      0,
      0.6920000000000001,
      0.05
    ],
    "60": [
      8500.0,
      209.0,
      519.0,
      0,
      0.6920000000000001,
      0.05
    ],
    "60+": [
      9121.0,
      225.0,
      556.0,
      0,
      0.6920000000000001,
      0.05
    ],
    "70": [
      10025.0,
      247.0,
      612.0,
      0,
      0.6920000000000001,
      0.05
    ],
    "70+": [
      10647.0,
      262.0,
      649.0,
      0,
      0.7879999999999999,
      0.05
    ],
    "80": [
      11561.0,
      285.0,
      705.0,
      0,
      0.7879999999999999,
      0.05
    ],
    "80+": [
      12182.0,
      300.0,
      743.0,
      0,
      0.884,
      0.05
    ],
    "90": [
      13103.0,
      323.0,
      799.0,
      0,
      0.884,
      0.05
    ]
  }
}