{
  "normal": [
    [
      0.4102,
      0.4102,
      0.5444,
      "31.48",
      "34.4",
      0.6698999999999999
    ],
    [
      0.4436,
      0.4436,
      0.5887,
      "34.04",
      "37.2",
      0.7245
    ],
    [
      0.47700000000000004,
      0.47700000000000004,
      0.633,
      "36.6",
      40.0,
      0.779
    ],
    [
      0.5246999999999999,
      0.5246999999999999,
      0.6962999999999999,
      "40.26",
      44.0,
      0.8569
    ],
    [
      0.5581,
      0.5581,
      0.7406,
      "42.82",
      "46.8",
      0.9114
    ],
    [
      0.5962,
      0.5962,
      0.7913,
      "45.75",
      50.0,
      0.9738
    ],
    [
      0.6487,
      0.6487,
      0.8609,
      "49.78",
      "54.4",
      1.0594
    ],
    [
      0.7012,
      0.7012,
      0.9305,
      "53.8",
      "58.8",
      1.1451
    ],
    [
      0.7537,
      0.7537,
      1.0001,
      "57.83",
      "63.2",
      1.2308
    ],
    [
      0.8109000000000001,
      0.8109000000000001,
      1.0761,
      "62.22",
      68.0,
      1.3243
    ],
    [
      0.8681,
      0.8681,
      1.1521,
      "66.61",
      "72.8",
      1.4178
    ]
  ],
  "charged": [
    [
      "76.8",
      86.0
    ],
    [
      "83.05",
      93.0
    ],
    [
      "89.3",
      100.0
    ],
    [
      "98.23",
      110.0
    ],
    [
      "104.48",
      117.0
    ],
    [
      "111.63",
      125.0
    ],
    [
      "121.45",
      136.0
    ],
    [
      "131.27",
      147.0
    ],
    [
      "141.09",
      158.0
    ],
    [
      "151.81",
      170.0
    ],
    [
      "162.53",
      182.0
    ]
  ],
  "plunge": [
    [
      0.6393,
      1.2784,
      1.5968
    ],
    [
      0.6914,
      1.3824,
      1.7267
    ],
    [
      0.7434000000000001,
      1.4865000000000002,
      1.8566999999999998
    ],
    [
      0.8177,
      1.6351,
      2.0424
    ],
    [
      0.8698,
      1.7391999999999999,
      2.1723
    ],
    [
      0.9292,
      1.8581,
      2.3209
    ],
    [
      1.011,
      2.0216,
      2.5251
    ],
    [
      1.0928,
      2.1851,
      2.7293000000000003
    ],
    [
      1.1745999999999999,
      2.3486000000000002,
      2.9336
    ],
    [
      1.2638,
      2.5269999999999997,
      3.1563999999999997
    ],
    [
      1.3530000000000002,
      2.7054,
      3.3792
    ]
  ],
  "skill": [
    [
      0.504,
      1.68,
      "84"
    ],
    [
      0.5418,
      1.806,
      "90.3"
    ],
    [
      0.5796,
      1.932,
      "96.6"
    ],
    [
      0.63,
      2.1,
      "105"
    ],
    [
      0.6678000000000001,
      2.226,
      "111.3"
    ],
    [
      0.7056,
      2.352,
      "117.6"
    ],
    [
      0.7559999999999999,
      2.52,
      "126"
    ],
    [
      0.8064,
      2.688,
      "134.4"
    ],
    [
      0.8568000000000001,
      2.8560000000000003,
      "142.8"
    ],
    [
      0.9072,
      3.0239999999999996,
      "151.2"
    ],
    [
      0.9576,
      3.1919999999999997,
      "159.6"
    ],
    [
      1.008,
      3.36,
      "168"
    ],
    [
      1.071,
      3.57,
      "178.5"
    ]
  ],
  "burst": [
    [
      0.88,
      24.0,
      1.8880000000000001
    ],
    [
      0.946,
      "25.8",
      2.0296000000000003
    ],
    [
      1.012,
      "27.6",
      2.1712000000000002
    ],
    [
      1.1,
      30.0,
      2.36
    ],
    [
      1.166,
      "31.8",
      2.5016
    ],
    [
      1.232,
      "33.6",
      2.6431999999999998
    ],
    [
      1.32,
      36.0,
      2.832
    ],
    [
      1.4080000000000001,
      "38.4",
      3.0208
    ],
    [
      1.496,
      "40.8",
      3.2096
    ],
    [
      1.584,
      "43.2",
      3.3983999999999996
    ],
    [
      1.672,
      "45.6",
      3.5872
    ],
    [
      1.76,
      48.0,
      3.7760000000000002
    ],
    [
      1.87,
      51.0,
      4.012
    ],
    [
      1.98,
      54.0,
      4.248
    ]
  ]
}