{
  "ascension": "Pyro DMG Bonus",
  "stats": {
    "1": [
      801.0,
      24.0,
      48.0,
      0.0,
      0.05,
      0.5
    ],
    "20": [
      2077.0,
      63.0,
      124.0,
      0.0,
      0.05,
      0.5
    ],
    "20+": [
      2764.0,
      84.0,
      165.0,
      0.0,
      0.05,
      0.5
    ],
    "40": [
      4136.0,
      125.0,
      247.0,
      0.0,
      0.05,
      0.5
    ],
    "40+": [
      4623.0,
      140.0,
      276.0,
      0.07200000000000001,
      0.05,
      0.5
    ],
    "50": [
      5319.0,
      161.0,
      318.0,
      0.07200000000000001,
      0.05,
      0.5
    ],
    "50+": [
      5970.0,
      180.0,
      357.0,
      0.14400000000000002,
      0.05,
      0.5
    ],
    "60": [
      6673.0,
      202.0,
      399.0,
      0.14400000000000002,
      0.05,
      0.5
    ],
    "60+": [
      7161.0,
      216.0,
      428.0,
      0.14400000000000002,
      0.05,
      0.5
    ],
    "70": [
      7870.0,
      238.0,
      470.0,
      0.14400000000000002,
      0.05,
      0.5
    ],
    "70+": [
      8358.0,
      253.0,
      500.0,
      0.21600000000000003,
      0.05,
      0.5
    ],
    "80": [
      9076.0,
      274.0,
      542.0,
      0.21600000000000003,
      0.05,
      0.5
    ],
    "80+": [
      9563.0,
      289.0,
      572.0,
      0.28800000000000003,
      0.05,
      0.5
    ],
    "90": [
      10287.0,
      311.0,
      615.0,
      0.28800000000000003,
      0.05,
      0.5
    ]
  }
}