{
  "normal": [
    [
      0.7216,
      0.624,
      0.8992
    ],
    [
      0.7757,
      0.6708,
      0.9666
    ],
    [
      0.8298000000000001,
      0.7176,
      1.0341
    ],
    [
      0.902,
      0.78,
      1.124
    ],
    [
      0.9561,
      0.8268000000000001,
      1.1914
    ],
    [
      1.0102,
      0.8736,
      1.2589
    ],
    [
      1.0824,
      0.9359999999999999,
      1.3488
    ],
    [
      1.1545999999999998,
      0.9984000000000001,
      1.4387
    ],
    [
      1.2267000000000001,
      1.0608,
      1.5286000000000002
    ],
    [
      1.2989,
      1.1232,
      1.6186
    ],
    [
      1.3739,
      1.1881,
      1.7121000000000002
    ]
  ],
  "charged": [
    [
      1.5736
    ],
    [
      1.6916
    ],
    [
      1.8096
    ],
    [
      1.9669999999999999
    ],
    [
      2.085
    ],
    [
      2.2030000000000003
    ],
    [
      2.3604
    ],
    [
      2.5178
    ],
    [
      2.6751
    ],
    [
      2.8325
    ],
    [
      2.9961
    ]
  ],
  "plunge": [
    [
      0.5683,
      1.1362999999999999,
      1.4193
    ],
    [
      0.6145,
      1.2288,
      1.5349000000000002
    ],
    [
      0.6607999999999999,
      1.3213,
      1.6503999999999999
    ],
    [
      0.7269,
      1.4535,
      1.8154
    ],
    [
      0.7731,
      1.5459,
      1.931
    ],
    [
      0.826,
      1.6517,
      2.063
    ],
    [
      0.8987,
      1.797,
      2.2445
    ],
    [
      0.9714,
      1.9423,
      2.4261
    ],
    [
      1.0441,
      2.0877,
      2.6075999999999997
    ],
    [
      1.1234,
      2.2462,
      2.8057
    ],
    [
      1.2026999999999999,
      2.4048,
      3.0037000000000003
    ]
  ],
  "skill": [
    [
      0.9520000000000001,
      0.32799999999999996
    ],
    [
      1.0234,
      0.35259999999999997
    ],
    [
      1.0948,
      0.3772
    ],
    [
      1.19,
      0.41
    ],
    [
      1.2614,
      0.4346
    ],
    [
      1.3328,
      0.4592
    ],
    [
      1.4280000000000002,
      0.49200000000000005
    ],
    [
      1.5231999999999999,
      0.5247999999999999
    ],
    [
      1.6184,
      0.5576
    ],
    [
      1.7136000000000002,
      0.5904
    ],
    [
      1.8088,
      0.6232
    ],
    [
      1.9040000000000001,
      0.6559999999999999
    ],
    [
      2.023,
      0.6970000000000001
    ]
  ],
  "burst": [
    [
      0.4264
    ],
    [
      0.45840000000000003
    ],
    [
      0.4904
    ],
    [
      0.5329999999999999
    ],
    [
      0.565
    ],
    [
      0.597
    ],
    [
      0.6396000000000001
    ],
    [
      0.6822
    ],
    [
      0.7249
    ],
    [
      0.7675
    ],
    [
      0.8101999999999999
    ],
    [
      0.8528
    ],
    [
      0.9061
    ]
  ]
}