{
  "ascension": "Hydro DMG Bonus",
  "energy": 70,
  "stats": {
    "1": [
      1049.0,
      18.0,
      51.0,
      0.0,
      0.05,
      0.5
    ],
    "20": [
      2720.0,
      47.0,
      133.0,
      0.0,
      0.05,
      0.5
    ],
    "20+": [
      3619.0,
      63.0,
      177.0,
      0.0,
      0.05,
      0.5
    ],
    "40": [
      5416.0,
      94.0,
      264.0,
      0.0,
      0.05,
      0.5
    ],
    "40+": [
      6055.0,
      105.0,
      295.0,
      0.07200000000000001,
      0.05,
      0.5
    ],
    "50": [
      6966.0,
      121.0,
      340.0,
      0.07200000000000001,
      0.05,
      0.5
    ],
    "50+": [
      7818.0,
      136.0,
      381.0,
      0.14400000000000002,
      0.05,
      0.5
    ],
    "60": [
      8738.0,
      152.0,
      426.0,
      0.14400000000000002,
      0.05,
      0.5
    ],
    "60+": [
      9377.0,
      163.0,
      457.0,
      0.14400000000000002,
      0.05,
      0.5
    ],
    "70": [
      10306.0,
      179.0,
      503.0,
      0.14400000000000002,
      0.05,
      0.5
    ],
    "70+": [
      10945.0,
      190.0,
      534.0,
      0.21600000000000003,
      0.05,
      0.5
    ],
    "80": [
      11885.0,
      207.0,
      580.0,
      0.21600000000000003,
      0.05,
      0.5
    ],
    "80+": [
      12524.0,
      218.0,
      611.0,
      0.28800000000000003,
      0.05,
      0.5
    ],
    "90": [
      13471.0,
      234.0,
      657.0,
      0.28800000000000003,
      0.05,
      0.5
    ]
  }
}