{
  "normal": [
    [
      0.6838,
      0.6154,
      0.9431
    ],
    [
      0.735,
      0.6615000000000001,
      1.0138
    ],
    [
      0.7863,
      0.7077,
      1.0845
    ],
    [
      0.8547,
      0.7692,
      1.1787999999999998
    ],
    [
      0.9059999999999999,
      0.8154,
      1.2495
    ],
    [
      0.9573,
      0.8615,
      1.3203
    ],
    [
      1.0256,
      0.9231,
      1.4146
    ],
    [
      1.094,
      0.9845999999999999,
      1.5089
    ],
    [
      1.1623999999999999,
      1.0462,
      1.6032
    ],
    [
      1.2308,
      1.1077,
      1.6975
    ],
    [
      1.2991,
      1.1692,
      1.7918
    ]
  ],
  "charged": [
    [
      1.4831999999999999
    ],
    [
      1.5944
    ],
    [
      1.7057
    ],
    [
      1.854
    ],
    [
      1.9652
    ],
    [
      2.0765000000000002
    ],
    [
      2.2248
    ],
    [
      2.3731
    ],
    [
      2.5214
    ],
    [
      2.6698000000000004
    ],
    [
      2.8181
    ]
  ],
  "plunge": [
    [
      0.5683,
      1.1362999999999999,
      1.4193
    ],
    [
      0.6145,
      1.2288,
      1.5349000000000002
    ],
    [
      0.6607999999999999,
      1.3213,
      1.6503999999999999
    ],
    [
      0.7269,
      1.4535,
      1.8154
    ],
    [
      0.7731,
      1.5459,
      1.931
    ],
    [
      0.826,
      1.6517,
      2.063
    ],
    [
      0.8987,
      1.797,
      2.2445
    ],
    [
      0.9714,
      1.9423,
      2.4261
    ],
    [
      1.0441,
      2.0877,
      2.6075999999999997
    ],
    [
      1.1234,
      2.2462,
      2.8057
    ],
    [
      1.2026999999999999,
      2.4048,
      3.0037000000000003
    ]
  ],
  "skill": [],
  "burst": []
}