{
  "normal": [
    [
      0.396,
      0.3592,
      0.428,
      0.5496
    ],
    [
      0.4257,
      0.3861,
      0.46009999999999995,
      0.5908
    ],
    [
      0.45539999999999997,
      0.4131,
      0.49219999999999997,
      0.632
    ],
    [
      0.495,
      0.449,
      0.535,
      0.687
    ],
    [
      0.5246999999999999,
      0.47590000000000005,
      0.5671,
      0.7282
    ],
    [
      0.5544,
      0.5029,
      0.5992000000000001,
      0.7694
    ],
    [
      0.594,
      0.5388000000000001,
      0.642,
      0.8244
    ],
    [
      0.6335999999999999,
      0.5747,
      0.6848000000000001,
      0.8794
    ],
    [
      0.6731999999999999,
      0.6106,
      0.7276,
      0.9343
    ],
    [
      0.7128,
      0.6466,
      0.7704000000000001,
      0.9893000000000001
    ],
    [
      0.754,
      0.6839,
      0.8149,
      1.0464
    ]
  ],
  "charged": [
    [
      1.7712
    ],
    [
      1.9040000000000001
    ],
    [
      2.0369
    ],
    [
      2.214
    ],
    [
      2.3468
    ],
    [
      2.4797
    ],
    [
      2.6568
    ],
    [
      2.8339
    ],
    [
      3.011
    ],
    [
      3.1882
    ],
    [
      3.3724000000000003
    ]
  ],
  "plunge": [
    [
      0.5683,
      1.1362999999999999,
      1.4193
    ],
    [
      0.6145,
      1.2288,
      1.5349000000000002
    ],
    [
      0.6607999999999999,
      1.3213,
      1.6503999999999999
    ],
    [
      0.7269,
      1.4535,
      1.8154
    ],
    [
      0.7731,
      1.5459,
      1.931
    ],
    [
      0.826,
      1.6517,
      2.063
    ],
    [
      0.8987,
      1.797,
      2.2445
    ],
    [
      0.9714,
      1.9423,
      2.4261
    ],
    [
      1.0441,
      2.0877,
      2.6075999999999997
    ],
    [
      1.1234,
      2.2462,
      2.8057
    ],
    [
      1.2026999999999999,
      2.4048,
      3.0037000000000003
    ]
  ],
  "skill": [
    [
      0.8,
      3.2,
      3.68,
      4.24,
      4.872
    ],
    [
      0.86,
      3.44,
      3.9560000000000004,
      4.558,
      5.2374
    ],
    [
      0.92,
      3.68,
      4.232,
      4.876,
      5.602799999999999
    ],
    [
      1.0,
      4.0,
      4.6,
      5.3,
      6.09
    ],
    [
      1.06,
      4.24,
      4.876,
      5.617999999999999,
      6.4554
    ],
    [
      1.12,
      4.48,
      5.152,
      5.936,
      6.8208
    ],
    [
      1.2,
      4.8,
      5.52,
      6.36,
      7.308
    ],
    [
      1.28,
      5.12,
      5.888,
      6.784,
      7.7951999999999995
    ],
    [
      1.36,
      5.44,
      6.256,
      7.207999999999999,
      8.2824
    ],
    [
      1.44,
      5.76,
      6.624,
      7.632000000000001,
      8.7696
    ],
    [
      1.52,
      6.08,
      6.992000000000001,
      8.056000000000001,
      9.2568
    ],
    [
      1.6,
      6.4,
      7.36,
      8.48,
      9.744
    ],
    [
      1.7,
      6.8,
      7.82,
      9.01,
      10.353
    ]
  ],
  "burst": [
    [
      0.36560000000000004
    ],
    [
      0.39299999999999996
    ],
    [
      0.4204
    ],
    [
      0.457
    ],
    [
      0.4844
    ],
    [
      0.5118
    ],
    [
      0.5484
    ],
    [
      0.585
    ],
    [
      0.6214999999999999
    ],
    [
      0.6581
    ],
    [
      0.6945999999999999
    ],
    [
      0.7312000000000001
    ],
    [
      0.7768999999999999
    ],
    [
      0.823
    ]
  ]
}