{
  "normal": [
    [
      0.376,
      0.36,
      0.44799999999999995,
      0.5616
    ],
    [
      0.4042,
      0.387,
      0.4816,
      0.6037
    ],
    [
      0.4324,
      0.414,
      0.5152,
      0.6457999999999999
    ],
    [
      0.47,
      0.45,
      0.56,
      0.7020000000000001
    ],
    [
      0.4982,
      0.47700000000000004,
      0.5936,
      0.7441
    ],
    [
      0.5264,
      0.504,
      0.6272,
      0.7862
    ],
    [
      0.564,
      0.54,
      0.672,
      0.8423999999999999
    ],
    [
      0.6015999999999999,
      0.5760000000000001,
      0.7168000000000001,
      0.8986
    ],
    [
      0.6392,
      0.612,
      0.7615999999999999,
      0.9547
    ],
    [
      0.6768000000000001,
      0.648,
      0.8064,
      1.0109000000000001
    ],
    [
      0.7143999999999999,
      0.684,
      0.8512000000000001,
      1.067
    ]
  ],
  "charged": [
    [
      1.4972
    ],
    [
      1.6095
    ],
    [
      1.7218
    ],
    [
      1.8715000000000002
    ],
    [
      1.9838
    ],
    [
      2.0961000000000003
    ],
    [
      2.2458
    ],
    [
      2.3955
    ],
    [
      2.5452
    ],
    [
      2.695
    ],
    [
      2.8507
    ]
  ],
  "plunge": [
    [
      0.5683,
      1.1362999999999999,
      1.4193
    ],
    [
      0.6145,
      1.2288,
      1.5349000000000002
    ],
    [
      0.6607999999999999,
      1.3213,
      1.6503999999999999
    ],
    [
      0.7269,
      1.4535,
      1.8154
    ],
    [
      0.7731,
      1.5459,
      1.931
    ],
    [
      0.826,
      1.6517,
      2.063
    ],
    [
      0.8987,
      1.797,
      2.2445
    ],
    [
      0.9714,
      1.9423,
      2.4261
    ],
    [
      1.0441,
      2.0877,
      2.6075999999999997
    ],
    [
      1.1234,
      2.2462,
      2.8057
    ],
    [
      1.2026999999999999,
      2.4048,
      3.0037000000000003
    ]
  ],
  "skill": [
    [
      1.328
    ],
    [
      1.4276
    ],
    [
      1.5272
    ],
    [
      1.66
    ],
    [
      1.7596
    ],
    [
      1.8592
    ],
    [
      1.992
    ],
    [
      2.1248
    ],
    [
      2.2576
    ],
    [
      2.3904
    ],
    [
      2.5232
    ],
    [
      2.656
    ],
    [
      2.822
    ]
  ],
  "burst": [
    [
      4.4239999999999995
    ],
    [
      4.7558
    ],
    [
      5.0876
    ],
    [
      5.53
    ],
    [
      5.8618
    ],
    [
      6.1936
    ],
    [
      6.636
    ],
    [
      7.0784
    ],
    [
      7.5208
    ],
    [
      7.9632000000000005
    ],
    [
      8.4056
    ],
    [
      8.847999999999999
    ],
    [
      9.401
    ],
    [
      9.95
    ]
  ]
}