{
  "normal": [],
  "charged": [
    [
      "28",
      1.7408000000000001,
      0.496
    ],
    [
      "30.1",
      1.8714,
      0.5332
    ],
    [
      "32.2",
      2.0019,
      0.5704
    ],
    [
      "35",
      2.176,
      0.62
    ],
    [
      "37.1",
      2.3066,
      0.6572
    ],
    [
      "39.2",
      2.4371,
      0.6944
    ],
    [
      "42",
      2.6112,
      0.7440000000000001
    ],
    [
      "44.8",
      2.7853,
      0.7936
    ],
    [
      "47.6",
      2.9594,
      0.8432
    ],
    [
      "50.4",
      3.1334,
      0.8928
    ],
    [
      "53.31",
      3.3145,
      0.9444
    ]
  ],
  "plunge": [
    [
      0.5683,
      1.1362999999999999,
      1.4193
    ],
    [
      0.6145,
      1.2288,
      1.5349000000000002
    ],
    [
      0.6607999999999999,
      1.3213,
      1.6503999999999999
    ],
    [
      0.7269,
      1.4535,
      1.8154
    ],
    [
      0.7731,
      1.5459,
      1.931
    ],
    [
      0.826,
      1.6517,
      2.063
    ],
    [
      0.8987,
      1.797,
      2.2445
    ],
    [
      0.9714,
      1.9423,
      2.4261
    ],
    [
      1.0441,
      2.0877,
      2.6075999999999997
    ],
    [
      1.1234,
      2.2462,
      2.8057
    ],
    [
      1.2026999999999999,
      2.4048,
      3.0037000000000003
    ]
  ],
  "skill": [
    [
      2.3040000000000003
    ],
    [
      2.4768
    ],
    [
      2.6496
    ],
    [
      2.88
    ],
    [
      3.0527999999999995
    ],
    [
      3.2256
    ],
    [
      3.4560000000000004
    ],
    [
      3.6864
    ],
    [
      3.9168000000000003
    ],
    [
      4.147200000000001
    ],
    [
      4.3776
    ],
    [
      4.6080000000000005
    ],
    [
      4.896
    ]
  ],
  "burst": []
}