{
  "normal": [
    [
      0.7912,
      0.7336,
      0.8626,
      1.1343
    ],
    [
      0.8556,
      0.7933,
      0.9328,
      1.2267000000000001
    ],
    [
      0.92,
      0.853,
      1.003,
      1.319
    ],
    [
      1.012,
      0.9383,
      1.1033,
      1.4509
    ],
    [
      1.0764,
      0.998,
      1.1735,
      1.5432
    ],
    [
      1.15,
      1.0662,
      1.2537,
      1.6488
    ],
    [
      1.2512,
      1.1601000000000001,
      1.3640999999999999,
      1.7938
    ],
    [
      1.3524,
      1.2539,
      1.4744,
      1.9388999999999998
    ],
    [
      1.4536000000000002,
      1.3477000000000001,
      1.5847,
      2.084
    ],
    [
      1.564,
      1.4501,
      1.7050999999999998,
      2.2422999999999997
    ],
    [
      1.6743999999999999,
      1.5525,
      1.8255000000000001,
      2.4006
    ]
  ],
  "charged": [
    [
      0.5074000000000001,
      0.9047
    ],
    [
      0.5487,
      0.9784
    ],
    [
      0.59,
      1.052
    ],
    [
      0.649,
      1.1572
    ],
    [
      0.6903,
      1.2308
    ],
    [
      0.7375,
      1.315
    ],
    [
      0.8024,
      1.4306999999999999
    ],
    [
      0.8673000000000001,
      1.5463999999999998
    ],
    [
      0.9322,
      1.6622
    ],
    [
      1.003,
      1.7884
    ],
    [
      1.0737999999999999,
      1.9146
    ]
  ],
  "plunge": [
    [
      0.7459,
      1.4913999999999998,
      1.8629
    ],
    [
      0.8066,
      1.6128,
      2.0145
    ],
    [
      0.8673000000000001,
      1.7342,
      2.1662
    ],
    [
      0.9540000000000001,
      1.9077000000000002,
      2.3828
    ],
    [
      1.0147,
      2.0291,
      2.5343999999999998
    ],
    [
      1.0841,
      2.1678,
      2.7077
    ],
    [
      1.1795,
      2.3586,
      2.946
    ],
    [
      1.2749,
      2.5493,
      3.1842
    ],
    [
      1.3703,
      2.7401,
      3.4225
    ],
    [
      1.4744,
      2.9482,
      3.6825
    ],
    [
      1.5785,
      3.1563,
      3.9424
    ]
  ],
  "skill": [
    [
      120.0
    ],
    [
      129.0
    ],
    [
      138.0
    ],
    [
      150.0
    ],
    [
      159.0
    ],
    [
      168.0
    ],
    [
      180.0
    ],
    [
      192.0
    ],
    [
      204.0
    ],
    [
      216.0
    ],
    [
      228.0
    ],
    [
      240.0
    ],
    [
      255.0
    ]
  ],
  "burst": [
    [
      0.672,
      0.9279999999999999
    ],
    [
      0.7223999999999999,
      0.9976
    ],
    [
      0.7728,
      1.0672
    ],
    [
      0.84,
      1.16
    ],
    [
      0.8904000000000001,
      1.2296
    ],
    [
      0.9408,
      1.2992
    ],
    [
      1.008,
      1.392
    ],
    [
      1.0752,
      1.4848
    ],
    [
      1.1423999999999999,
      1.5776
    ],
    [
      1.2096,
      1.6703999999999999
    ],
    [
      1.2768000000000002,
      1.7631999999999999
    ],
    [
      1.344,
      1.8559999999999999
    ],
    [
      1.4280000000000002,
      1.972
    ],
    [
      1.51,
      2.09
    ]
  ]
}