{
  "normal": [
    [
      0.3775,
      0.3887,
      "24.17",
      "24.17",
      "24.68",
      "24.68",
      0.6304
    ],
    [
      0.4083,
      0.4204,
      "26.13",
      "26.13",
      "26.69",
      "26.69",
      0.6817
    ],
    [
      0.439,
      0.452,
      "28.1",
      "28.1",
      "28.7",
      "28.7",
      0.733
    ],
    [
      0.4829,
      0.4972,
      "30.91",
      "30.91",
      "31.57",
      "31.57",
      0.8062999999999999
    ],
    [
      0.5136,
      0.5288,
      "32.88",
      "32.88",
      "33.58",
      "33.58",
      0.8576
    ],
    [
      0.5487,
      0.565,
      "35.13",
      "35.13",
      "35.88",
      "35.88",
      0.9163
    ],
    [
      0.597,
      0.6147,
      "38.22",
      "38.22",
      "39.03",
      "39.03",
      0.9969
    ],
    [
      0.6453,
      0.6644,
      "41.31",
      "41.31",
      "42.19",
      "42.19",
      1.0775
    ],
    [
      0.6936,
      0.7142000000000001,
      "44.4",
      "44.4",
      "45.35",
      "45.35",
      1.1581000000000001
    ],
    [
      0.7463,
      0.7684000000000001,
      "47.77",
      "47.77",
      "48.79",
      "48.79",
      1.2461
    ],
    [
      0.799,
      0.8226,
      "51.14",
      "51.14",
      "52.23",
      "52.23",
      1.3341
    ]
  ],
  "charged": [
    [
      "64.33",
      "64.33"
    ],
    [
      "69.56",
      "69.56"
    ],
    [
      "74.8",
      "74.8"
    ],
    [
      "82.28",
      "82.28"
    ],
    [
      "87.52",
      "87.52"
    ],
    [
      "93.5",
      "93.5"
    ],
    [
      "101.73",
      "101.73"
    ],
    [
      "109.96",
      "109.96"
    ],
    [
      "118.18",
      "118.18"
    ],
    [
      "127.16",
      "127.16"
    ],
    [
      "136.14",
      "136.14"
    ]
  ],
  "plunge": [
    [
      0.6393,
      1.2784,
      1.5968
    ],
    [
      0.6914,
      1.3824,
      1.7267
    ],
    [
      0.7434000000000001,
      1.4865000000000002,
      1.8566999999999998
    ],
    [
      0.8177,
      1.6351,
      2.0424
    ],
    [
      0.8698,
      1.7391999999999999,
      2.1723
    ],
    [
      0.9292,
      1.8581,
      2.3209
    ],
    [
      1.011,
      2.0216,
      2.5251
    ],
    [
      1.0928,
      2.1851,
      2.7293000000000003
    ],
    [
      1.1745999999999999,
      2.3486000000000002,
      2.9336
    ],
    [
      1.2638,
      2.5269999999999997,
      3.1563999999999997
    ],
    [
      1.3530000000000002,
      2.7054,
      3.3792
    ]
  ],
  "skill": [
    [
      0.96,
      0.36
    ],
    [
      1.032,
      0.387
    ],
    [
      1.104,
      0.414
    ],
    [
      1.2,
      0.45
    ],
    [
      1.272,
      0.47700000000000004
    ],
    [
      1.344,
      0.504
    ],
    [
      1.44,
      0.54
    ],
    [
      1.536,
      0.5760000000000001
    ],
    [
      1.632,
      0.612
    ],
    [
      1.7280000000000002,
      0.648
    ],
    [
      1.824,
      0.684
    ],
    [
      1.92,
      0.72
    ],
    [
      2.04,
      0.765
    ]
  ],
  "burst": [
    [
      2.8480000000000003
    ],
    [
      3.0616000000000003
    ],
    [
      3.2752
    ],
    [
      3.56
    ],
    [
      3.7736
    ],
    [
      3.9872
    ],
    [
      4.272
    ],
    [
      4.5568
    ],
    [
      4.841600000000001
    ],
    [
      5.1264
    ],
    [
      5.4112
    ],
    [
      5.696000000000001
    ],
    [
      6.0520000000000005
    ],
    [
      6.41
    ]
  ]
}