{
  "ascension": "Energy Recharge",
  "energy": 90,
  "stats": {
    "1": [
      1005.0,
      26.0,
      61.0,
      0.0,
      0.05,
      0.5
    ],
    "20": [
      2606.0,
      68.0,
      159.0,
      0.0,
      0.05,
      0.5
    ],
    "20+": [
      3468.0,
      91.0,
      212.0,
      0.0,
      0.05,
      0.5
    ],
    "40": [
      5189.0,
      136.0,
      317.0,
      0.0,
      0.05,
      0.5
    ],
    "40+": [
      5801.0,
      152.0,
      355.0,
      0.08,
      0.05,
      0.5
    ],
    "50": [
      6675.0,
      174.0,
      408.0,
      0.08,
      0.05,
      0.5
    ],
    "50+": [
      7491.0,
      196.0,
      458.0,
      0.16,
      0.05,
      0.5
    ],
    "60": [
      8373.0,
      219.0,
      512.0,
      0.16,
      0.05,
      0.5
    ],
    "60+": [
      8985.0,
      235.0,
      549.0,
      0.16,
      0.05,
      0.5
    ],
    "70": [
      9875.0,
      258.0,
      604.0,
      0.16,
      0.05,
      0.5
    ],
    "70+": [
      10487.0,
      274.0,
      641.0,
      0.24,
      0.05,
      0.5
    ],
    "80": [
      11388.0,
      298.0,
      696.0,
      0.24,
      0.05,
      0.5
    ],
    "80+": [
      12000.0,
      314.0,
      734.0,
      0.32,
      0.05,
      0.5
    ],
    "90": [
      12907.0,
      337.0,
      789.0,
      0.32,
      0.05,
      0.5
    ]
  },
  "auto": [
    [
      "1-Hit DMG",
      "2-Hit DMG",
      "3-Hit DMG",
      "4-Hit DMG",
      "5-Hit DMG",
      "Charged Attack DMG",
      "Charged Attack Stamina Cost",
      "Plunge DMG",
      [
        "Low",
        "High Plunge DMG"
      ]
    ],
    [
      0.39649999999999996,
      0.3973,
      0.4988,
      [
        0.2898,
        0.2898
      ],
      0.6545000000000001,
      0.9959,
      25.0,
      0.6393,
      [
        1.2784,
        1.5968
      ]
    ],
    [
      0.42869999999999997,
      0.42969999999999997,
      0.5394,
      [
        0.3134,
        0.3134
      ],
      0.7077,
      1.0769,
      25.0,
      0.6914,
      [
        1.3824,
        1.7267
      ]
    ],
    [
      0.461,
      0.462,
      0.58,
      [
        0.337,
        0.337
      ],
      0.7609999999999999,
      1.158,
      25.0,
      0.7434000000000001,
      [
        1.4865000000000002,
        1.8566999999999998
      ]
    ],
    [
      0.5071,
      0.5082,
      0.638,
      [
        0.37070000000000003,
        0.37070000000000003
      ],
      0.8371,
      1.2738,
      25.0,
      0.8177,
      [
        1.6351,
        2.0424
      ]
    ],
    [
      0.5394,
      0.5405,
      0.6786,
      [
        0.3943,
        0.3943
      ],
      0.8904000000000001,
      1.3549,
      25.0,
      0.8698,
      [
        1.7391999999999999,
        2.1723
      ]
    ],
    [
      0.5763,
      0.5775,
      0.725,
      [
        0.4213,
        0.4213
      ],
      0.9512999999999999,
      1.4475,
      25.0,
      0.9293,
      [
        1.8581,
        2.3209
      ]
    ],
    [
      0.627,
      0.6283,
      0.7888,
      [
        0.4583,
        0.4583
      ],
      1.035,
      1.5749000000000002,
      25.0,
      1.011,
      [
        2.0216,
        2.5251
      ]
    ],
    [
      0.6777,
      0.6790999999999999,
      0.8526,
      [
        0.4954,
        0.4954
      ],
      1.1187,
      1.7023,
      25.0,
      1.0928,
      [
        2.1851,
        2.7293000000000003
      ]
    ],
    [
      0.7284,
      0.73,
      0.9164,
      [
        0.5325,
        0.5325
      ],
      1.2024,
      1.8296000000000001,
      25.0,
      1.1745999999999999,
      [
        2.3486000000000002,
        2.9336
      ]
    ],
    [
      0.7837000000000001,
      0.7854000000000001,
      0.986,
      [
        0.5729,
        0.5729
      ],
      1.2937,
      1.9686000000000001,
      25.0,
      1.2638,
      [
        2.5269999999999997,
        3.1563999999999997
      ]
    ],
    [
      0.8471,
      0.8489,
      1.0658,
      [
        0.6192,
        0.6192
      ],
      1.3983,
      2.1278,
      25.0,
      1.3530000000000002,
      [
        2.7054,
        3.3792
      ]
    ],
    [
      0.9216,
      0.9236,
      1.1595,
      [
        0.6737000000000001,
        0.6737000000000001
      ],
      1.5213999999999999,
      2.3150999999999997,
      25.0,
      1.4422,
      [
        2.8838,
        3.602
      ]
    ],
    [
      0.9962000000000001,
      0.9983,
      1.2533,
      [
        0.7282,
        0.7282
      ],
      1.6444,
      2.5023,
      25.0,
      1.5313999999999999,
      [
        3.0622000000000003,
        3.8248
      ]
    ],
    [
      1.0707,
      1.073,
      1.3471000000000002,
      [
        0.7827,
        0.7827
      ],
      1.7675,
      2.6896,
      25.0,
      1.6206,
      [
        3.2405,
        4.0476
      ]
    ],
    [
      1.1520000000000001,
      1.1545,
      1.4494,
      [
        0.8422,
        0.8422
      ],
      1.9017,
      2.8938,
      25.0,
      1.7098,
      [
        3.4189,
        4.2704
      ]
    ]
  ],
  "skill": [
    [
      "Skill DMG",
      "Coordinated ATK DMG",
      "Duration",
      "Elemental Burst DMG Bonus",
      "CD"
    ],
    [
      1.172,
      0.42,
      "25s",
      "0.22% Per Energy",
      "10s"
    ],
    [
      1.2599,
      0.4515,
      "25s",
      "0.23% Per Energy",
      "10s"
    ],
    [
      1.3478,
      0.483,
      "25s",
      "0.24% Per Energy",
      "10s"
    ],
    [
      1.465,
      0.525,
      "25s",
      "0.25% Per Energy",
      "10s"
    ],
    [
      1.5529,
      0.5565,
      "25s",
      "0.26% Per Energy",
      "10s"
    ],
    [
      1.6408,
      0.588,
      "25s",
      "0.27% Per Energy",
      "10s"
    ],
    [
      1.758,
      0.63,
      "25s",
      "0.28% Per Energy",
      "10s"
    ],
    [
      1.8752000000000002,
      0.672,
      "25s",
      "0.29% Per Energy",
      "10s"
    ],
    [
      1.9924000000000002,
      0.7140000000000001,
      "25s",
      "0.3% Per Energy",
      "10s"
    ],
    [
      2.1096,
      0.7559999999999999,
      "25s",
      "0.3% Per Energy",
      "10s"
    ],
    [
      2.2268,
      0.7979999999999999,
      "25s",
      "0.3% Per Energy",
      "10s"
    ],
    [
      2.344,
      0.84,
      "25s",
      "0.3% Per Energy",
      "10s"
    ],
    [
      2.4905,
      0.8925,
      "25s",
      "0.3% Per Energy",
      "10s"
    ],
    [
      2.637,
      0.945,
      "25s",
      "0.3% Per Energy",
      "10s"
    ],
    [
      2.7835,
      0.9975,
      "25s",
      "0.3% Per Energy",
      "10s"
    ]
  ],
  "burst": [
    [
      "Musou no Hitotachi Base DMG",
      "Resolve Bonus",
      "Resolve Stacks Gained",
      "1-Hit DMG",
      "2-Hit DMG",
      "3-Hit DMG",
      "4-Hit DMG",
      "5-Hit DMG",
      "Charged Attack DMG",
      "Charged Attack Stamina Cost",
      "Plunge DMG",
      [
        "Low",
        "High Plunge DMG"
      ],
      "Musou Isshin Energy Restoration",
      "Musou Isshin Duration",
      "CD",
      "Energy Cost"
    ],
    [
      4.008,
      "3.89% Initial<br> / <br>0.73% ATK DMG Per Stack",
      "0.15 Per Energy Consumed",
      0.4474,
      0.4396,
      0.5382,
      [
        0.3089,
        0.3098
      ],
      0.7394,
      [
        0.616,
        0.7436
      ],
      20.0,
      0.6393,
      [
        1.2784,
        1.5968
      ],
      "1.6",
      "7s",
      "18s",
      90.0
    ],
    [
      4.3086,
      "4.18% Initial<br> / <br>0.78% ATK DMG Per Stack",
      "0.16 Per Energy Consumed",
      0.4779,
      0.46950000000000003,
      0.5749,
      [
        0.3299,
        0.3309
      ],
      0.7898999999999999,
      [
        0.6579999999999999,
        0.7943000000000001
      ],
      20.0,
      0.6914,
      [
        1.3824,
        1.7267
      ],