{
  "normal": [
    [
      0.9592,
      0.8262999999999999,
      1.0331000000000001,
      1.3605
    ],
    [
      1.0246,
      0.8826999999999999,
      1.1036,
      1.4531999999999998
    ],
    [
      1.09,
      0.9390000000000001,
      1.1740000000000002,
      1.546
    ],
    [
      1.1772,
      1.0141,
      1.2679,
      1.6697
    ],
    [
      1.2426000000000001,
      1.0705,
      1.3384,
      1.7624000000000002
    ],
    [
      1.3189,
      1.1362,
      1.4205,
      1.8707
    ],
    [
      1.4169999999999998,
      1.2207,
      1.5262,
      2.0098
    ],
    [
      1.5151,
      1.3052000000000001,
      1.6319,
      2.1489
    ],
    [
      1.6132,
      1.3897,
      1.7375,
      2.2881
    ],
    [
      1.7113,
      1.4742,
      1.8432,
      2.4272
    ],
    [
      1.8094,
      1.5587,
      1.9487999999999999,
      2.5664
    ]
  ],
  "charged": [
    [
      0.6254,
      1.1309
    ],
    [
      0.6762999999999999,
      1.2229999999999999
    ],
    [
      0.7272,
      1.315
    ],
    [
      0.7998999999999999,
      1.4465000000000001
    ],
    [
      0.8508,
      1.5386000000000002
    ],
    [
      0.909,
      1.6438
    ],
    [
      0.9890000000000001,
      1.7884
    ],
    [
      1.069,
      1.9331
    ],
    [
      1.149,
      2.0777
    ],
    [
      1.2362,
      2.2355
    ],
    [
      1.3235,
      2.3933
    ]
  ],
  "plunge": [
    [
      0.8205,
      1.6406,
      2.0492
    ],
    [
      0.8872,
      1.7741,
      2.2159999999999997
    ],
    [
      0.9540000000000001,
      1.9077000000000002,
      2.3828
    ],
    [
      1.0493999999999999,
      2.0984,
      2.6210000000000004
    ],
    [
      1.1162,
      2.2319999999999998,
      2.7878
    ],
    [
      1.1925,
      2.3846000000000003,
      2.9785000000000004
    ],
    [
      1.2975,
      2.5944,
      3.2406
    ],
    [
      1.4024,
      2.8043,
      3.5027
    ],
    [
      1.5074,
      3.0141000000000004,
      3.7648
    ],
    [
      1.6219,
      3.2430000000000003,
      4.0507
    ],
    [
      1.7363,
      3.4718999999999998,
      4.336600000000001
    ]
  ],
  "skill": [
    [
      1.992,
      2.952
    ],
    [
      2.1414,
      3.1733999999999996
    ],
    [
      2.2908,
      3.3948
    ],
    [
      2.49,
      3.69
    ],
    [
      2.6394,
      3.9114
    ],
    [
      2.7888,
      4.1328
    ],
    [
      2.988,
      4.428
    ],
    [
      3.1872000000000003,
      4.7232
    ],
    [
      3.3864,
      5.0184
    ],
    [
      3.5856,
      5.3136
    ],
    [
      3.7848,
      5.6088
    ],
    [
      3.984,
      5.904
    ],
    [
      4.2330000000000005,
      6.273
    ]
  ],
  "burst": [
    [
      1.6
    ],
    [
      1.72
    ],
    [
      1.84
    ],
    [
      2.0
    ],
    [
      2.12
    ],
    [
      2.24
    ],
    [
      2.4
    ],
    [
      2.56
    ],
    [
      2.72
    ],
    [
      2.88
    ],
    [
      3.04
    ],
    [
      3.2
    ],
    [
      3.4
    ],
    [
      3.6
    ]
  ]
}