{
  "normal": [
    [
      0.5246,
      0.516,
      "31.82",
      0.6966,
      "41.62",
      43.0
    ],
    [
      0.5672999999999999,
      0.5579999999999999,
      "34.41",
      0.7533,
      "45.01",
      "46.5"
    ],
    [
      0.61,
      0.6,
      "37",
      0.81,
      "48.4",
      50.0
    ],
    [
      0.6709999999999999,
      0.66,
      "40.7",
      0.8909999999999999,
      "53.24",
      55.0
    ],
    [
      0.7137,
      0.7020000000000001,
      "43.29",
      0.9477,
      "56.63",
      "58.5"
    ],
    [
      0.7625,
      0.75,
      "46.25",
      1.0125,
      "60.5",
      "62.5"
    ],
    [
      0.8295999999999999,
      0.816,
      "50.32",
      1.1016,
      "65.82",
      68.0
    ],
    [
      0.8967,
      0.882,
      "54.39",
      1.1906999999999999,
      "71.15",
      "73.5"
    ],
    [
      0.9638,
      0.948,
      "58.46",
      1.2798,
      "76.47",
      79.0
    ],
    [
      1.037,
      1.02,
      "62.9",
      1.3769999999999998,
      "82.28",
      85.0
    ],
    [
      1.1101999999999999,
      1.092,
      "67.34",
      1.4742,
      "88.09",
      91.0
    ]
  ],
  "charged": [
    [
      1.3674000000000002
    ],
    [
      1.4787000000000001
    ],
    [
      1.59
    ],
    [
      1.749
    ],
    [
      1.8603
    ],
    [
      1.9875
    ],
    [
      2.1624
    ],
    [
      2.3373
    ],
    [
      2.5122
    ],
    [
      2.7030000000000003
    ],
    [
      2.8938
    ]
  ],
  "plunge": [
    [
      0.6393,
      1.2784,
      1.5968
    ],
    [
      0.6914,
      1.3824,
      1.7267
    ],
    [
      0.7434000000000001,
      1.4865000000000002,
      1.8566999999999998
    ],
    [
      0.8177,
      1.6351,
      2.0424
    ],
    [
      0.8698,
      1.7391999999999999,
      2.1723
    ],
    [
      0.9292,
      1.8581,
      2.3209
    ],
    [
      1.011,
      2.0216,
      2.5251
    ],
    [
      1.0928,
      2.1851,
      2.7293000000000003
    ],
    [
      1.1745999999999999,
      2.3486000000000002,
      2.9336
    ],
    [
      1.2638,
      2.5269999999999997,
      3.1563999999999997
    ],
    [
      1.3530000000000002,
      2.7054,
      3.3792
    ]
  ],
  "skill": [
    [
      "58.4",
      136.0
    ],
    [
      "62.78",
      "146.2"
    ],
    [
      "67.16",
      "156.4"
    ],
    [
      73.0,
      170.0
    ],
    [
      "77.38",
      "180.2"
    ],
    [
      "81.76",
      "190.4"
    ],
    [
      "87.6",
      204.0
    ],
    [
      "93.44",
      "217.6"
    ],
    [
      "99.28",
      "231.2"
    ],
    [
      "105.12",
      "244.8"
    ],
    [
      "110.96",
      "258.4"
    ],
    [
      "116.8",
      272.0
    ],
    [
      "124.1",
      289.0
    ]
  ],
  "burst": [
    [
      104.0,
      152.0
    ],
    [
      "111.8",
      "163.4"
    ],
    [
      "119.6",
      "174.8"
    ],
    [
      130.0,
      190.0
    ],
    [
      "137.8",
      "201.4"
    ],
    [
      "145.6",
      "212.8"
    ],
    [
      156.0,
      228.0
    ],
    [
      "166.4",
      "243.2"
    ],
    [
      "176.8",
      "258.4"
    ],
    [
      "187.2",
      "273.6"
    ],
    [
      "197.6",
      "288.8"
    ],
    [
      208.0,
      304.0
    ],
    [
      221.0,
      323.0
    ],
    [
      234.0,
      342.0
    ]
  ]
}