{
  "normal": [
    [
      0.722,
      0.7140000000000001,
      "43.4",
      "43.4",
      0.981
    ],
    [
      0.7809999999999999,
      0.772,
      47.0,
      47.0,
      1.061
    ],
    [
      0.84,
      0.83,
      "50.5",
      "50.5",
      1.141
    ],
    [
      0.924,
      0.9129999999999999,
      "55.55",
      "55.55",
      1.2551
    ],
    [
      0.9828,
      0.9711,
      "59.09",
      "59.09",
      1.335
    ],
    [
      1.05,
      1.0375,
      "63.13",
      "63.13",
      1.4263
    ],
    [
      1.1423999999999999,
      1.1288,
      "68.68",
      "68.68",
      1.5518
    ],
    [
      1.2348000000000001,
      1.2201,
      "74.23",
      "74.23",
      1.6772999999999998
    ],
    [
      1.3272,
      1.3114,
      "79.79",
      "79.79",
      1.8028
    ],
    [
      1.4280000000000002,
      1.411,
      "85.85",
      "85.85",
      1.9397
    ],
    [
      1.5434999999999999,
      1.5251,
      "92.79",
      "92.79",
      2.0966
    ]
  ],
  "charged": [
    [
      0.625,
      1.13
    ],
    [
      0.6759999999999999,
      1.22
    ],
    [
      0.727,
      1.32
    ],
    [
      0.8,
      1.4465000000000001
    ],
    [
      0.8509,
      1.5386000000000002
    ],
    [
      0.9091,
      1.6438
    ],
    [
      0.9891,
      1.7884
    ],
    [
      1.0691,
      1.9331
    ],
    [
      1.1491,
      2.0777
    ],
    [
      1.2364,
      2.2355
    ],
    [
      1.3363999999999998,
      2.4163
    ]
  ],
  "plunge": [
    [
      0.746,
      1.49,
      1.86
    ],
    [
      0.807,
      1.61,
      2.01
    ],
    [
      0.867,
      1.73,
      2.17
    ],
    [
      0.9540000000000001,
      1.9077000000000002,
      2.3828
    ],
    [
      1.0147,
      2.0291,
      2.5343999999999998
    ],
    [
      1.0841,
      2.1678,
      2.7077
    ],
    [
      1.1795,
      2.3586,
      2.946
    ],
    [
      1.2749,
      2.5493,
      3.1842
    ],
    [
      1.3703,
      2.7401,
      3.4225
    ],
    [
      1.4744,
      2.9482,
      3.6825
    ],
    [
      1.5785,
      3.1563,
      3.9424
    ]
  ],
  "skill": [
    [
      0.36,
      1.584,
      2.176,
      0.168
    ],
    [
      0.387,
      1.703,
      2.339,
      0.18100000000000002
    ],
    [
      0.414,
      1.8219999999999998,
      2.502,
      0.193
    ],
    [
      0.45,
      1.98,
      2.72,
      0.21
    ],
    [
      0.47700000000000004,
      2.0987999999999998,
      2.8832,
      0.22260000000000002
    ],
    [
      0.504,
      2.2176,
      3.0463999999999998,
      0.2352
    ],
    [
      0.54,
      2.376,
      3.264,
      0.252
    ],
    [
      0.5760000000000001,
      2.5343999999999998,
      3.4816000000000003,
      0.2688
    ],
    [
      0.612,
      2.6927999999999996,
      3.6992000000000003,
      0.28559999999999997
    ],
    [
      0.648,
      2.8512,
      3.9168000000000003,
      0.3024
    ],
    [
      0.684,
      3.0096,
      4.1344,
      0.31920000000000004
    ],
    [
      0.72,
      3.168,
      4.352,
      0.336
    ],
    [
      0.765,
      3.366,
      4.624,
      0.35700000000000004
    ]
  ],
  "burst": [
    [
      1.17,
      0.52
    ],
    [
      1.26,
      0.56
    ],
    [
      1.34,
      0.6
    ],
    [
      1.46,
      0.65
    ],
    [
      1.5475999999999999,
      0.6890000000000001
    ],
    [
      1.6352000000000002,
      0.728
    ],
    [
      1.7519999999999998,
      0.78
    ],
    [
      1.8688,
      0.8320000000000001
    ],
    [
      1.9856,
      0.884
    ],
    [
      2.1024000000000003,
      0.9359999999999999
    ],
    [
      2.2192,
      0.988
    ],
    [
      2.336,
      1.04
    ],
    [
      2.4819999999999998,
      1.105
    ]
  ]
}