{
  "normal": [
    [
      0.3346,
      0.3062,
      0.3845,
      0.4792
    ],
    [
      0.35969999999999996,
      0.32909999999999995,
      0.4133,
      0.5151
    ],
    [
      0.3848,
      0.3521,
      0.4422,
      0.5511
    ],
    [
      0.4183,
      0.38270000000000004,
      0.4806,
      0.599
    ],
    [
      0.4434,
      0.4057,
      0.5094,
      0.6349
    ],
    [
      0.4685,
      0.4286,
      0.5383,
      0.6708
    ],
    [
      0.502,
      0.4592,
      0.5767,
      0.7188
    ],
    [
      0.5354,
      0.4899,
      0.6152000000000001,
      0.7667
    ],
    [
      0.5689,
      0.5205,
      0.6536,
      0.8146
    ],
    [
      0.6024,
      0.5511,
      0.6920999999999999,
      0.8625
    ],
    [
      0.6358,
      0.5817,
      0.7304999999999999,
      0.9104000000000001
    ]
  ],
  "charged": [
    [
      1.2016
    ],
    [
      1.2916999999999998
    ],
    [
      1.3818000000000001
    ],
    [
      1.5019999999999998
    ],
    [
      1.5921
    ],
    [
      1.6822
    ],
    [
      1.8024
    ],
    [
      1.9225999999999999
    ],
    [
      2.0427
    ],
    [
      2.1629
    ],
    [
      2.283
    ]
  ],
  "plunge": [
    [
      0.5683,
      1.1362999999999999,
      1.4193
    ],
    [
      0.6145,
      1.2288,
      1.5349000000000002
    ],
    [
      0.6607999999999999,
      1.3213,
      1.6503999999999999
    ],
    [
      0.7269,
      1.4535,
      1.8154
    ],
    [
      0.7731,
      1.5459,
      1.931
    ],
    [
      0.826,
      1.6517,
      2.063
    ],
    [
      0.8987,
      1.797,
      2.2445
    ],
    [
      0.9714,
      1.9423,
      2.4261
    ],
    [
      1.0441,
      2.0877,
      2.6075999999999997
    ],
    [
      1.1234,
      2.2462,
      2.8057
    ],
    [
      1.2026999999999999,
      2.4048,
      3.0037000000000003
    ]
  ],
  "skill": [
    [
      2.112
    ],
    [
      2.2704
    ],
    [
      2.4288
    ],
    [
      2.64
    ],
    [
      2.7983999999999996
    ],
    [
      2.9568
    ],
    [
      3.168
    ],
    [
      3.3792
    ],
    [
      3.5904000000000003
    ],
    [
      3.8016
    ],
    [
      4.0127999999999995
    ],
    [
      4.224
    ],
    [
      4.488
    ]
  ],
  "burst": [
    [
      1.48,
      0.44
    ],
    [
      1.591,
      0.473
    ],
    [
      1.702,
      0.506
    ],
    [
      1.85,
      0.55
    ],
    [
      1.961,
      0.583
    ],
    [
      2.072,
      0.616
    ],
    [
      2.22,
      0.66
    ],
    [
      2.368,
      0.7040000000000001
    ],
    [
      2.516,
      0.748
    ],
    [
      2.664,
      0.792
    ],
    [
      2.812,
      0.836
    ],
    [
      2.96,
      0.88
    ],
    [
      3.145,
      0.935
    ],
    [
      3.33,
      0.99
    ]
  ]
}