{
  "ascension": "Hydro DMG Bonus",
  "energy": 60,
  "stats": {
    "1": [
      1020.0,
      23.0,
      63.0,
      0.0,
      0.05,
      0.5
    ],
    "20": [
      2646.0,
      61.0,
      165.0,
      0.0,
      0.05,
      0.5
    ],
    "20+": [
      3521.0,
      81.0,
      219.0,
      0.0,
      0.05,
      0.5
    ],
    "40": [
      5268.0,
      121.0,
      328.0,
      0.0,
      0.05,
      0.5
    ],
    "40+": [
      5889.0,
      135.0,
      366.0,
      0.07200000000000001,
      0.05,
      0.5
    ],
    "50": [
      6776.0,
      156.0,
      421.0,
      0.07200000000000001,
      0.05,
      0.5
    ],
    "50+": [
      7604.0,
      175.0,
      473.0,
      0.14400000000000002,
      0.05,
      0.5
    ],
    "60": [
      8500.0,
      195.0,
      528.0,
      0.14400000000000002,
      0.05,
      0.5
    ],
    "60+": [
      9121.0,
      210.0,
      567.0,
      0.14400000000000002,
      0.05,
      0.5
    ],
    "70": [
      10025.0,
      231.0,
      623.0,
      0.14400000000000002,
      0.05,
      0.5
    ],
    "70+": [
      10647.0,
      245.0,
      662.0,
      0.21600000000000003,
      0.05,
      0.5
    ],
    "80": [
      11561.0,
      266.0,
      719.0,
      0.21600000000000003,
      0.05,
      0.5
    ],
    "80+": [
      12182.0,
      280.0,
      757.0,
      0.28800000000000003,
      0.05,
      0.5
    ],
    "90": [
      13103.0,
      301.0,
      815.0,
      0.28800000000000003,
      0.05,
      0.5
    ]
  }
}