{
  "normal": [
    [
      0.4128,
      0.46270000000000006,
      0.5538000000000001,
      0.5702,
      0.6089,
      0.7276
    ],
    [
      0.4464,
      0.5003,
      0.5989,
      0.6165999999999999,
      0.6584,
      0.7868
    ],
    [
      0.48,
      0.5379999999999999,
      0.644,
      0.6629999999999999,
      0.708,
      0.846
    ],
    [
      0.528,
      0.5918,
      0.7084,
      0.7293000000000001,
      0.7787999999999999,
      0.9306
    ],
    [
      0.5616,
      0.6295000000000001,
      0.7535,
      0.7757,
      0.8284,
      0.9898
    ],
    [
      0.6,
      0.6725,
      0.805,
      0.8288,
      0.885,
      1.0575
    ],
    [
      0.6528,
      0.7317,
      0.8758,
      0.9017000000000001,
      0.9629000000000001,
      1.1506
    ],
    [
      0.7056,
      0.7909,
      0.9467,
      0.9745999999999999,
      1.0408,
      1.2436
    ],
    [
      0.7584000000000001,
      0.85,
      1.0175,
      1.0475,
      1.1186,
      1.3366999999999998
    ],
    [
      0.816,
      0.9146,
      1.0948,
      1.1271,
      1.2036,
      1.4382
    ],
    [
      0.8736,
      0.9792000000000001,
      1.1721,
      1.2067,
      1.2886000000000002,
      1.5397
    ]
  ],
  "charged": [
    [
      0.4386,
      1.24,
      "12.4",
      0.62
    ],
    [
      0.4743,
      1.3330000000000002,
      "13.33",
      0.6665000000000001
    ],
    [
      0.51,
      1.426,
      "14.26",
      0.713
    ],
    [
      0.561,
      1.55,
      "15.5",
      0.775
    ],
    [
      0.5967,
      1.643,
      "16.43",
      0.8215
    ],
    [
      0.6375,
      1.736,
      "17.36",
      0.868
    ],
    [
      0.6936,
      1.86,
      "18.6",
      0.93
    ],
    [
      0.7497,
      1.984,
      "19.84",
      0.992
    ],
    [
      0.8058,
      2.108,
      "21.08",
      1.054
    ],
    [
      0.867,
      2.2319999999999998,
      "22.32",
      1.1159999999999999
    ],
    [
      0.9281999999999999,
      2.356,
      "23.56",
      1.178
    ]
  ],
  "plunge": [
    [
      0.6393,
      1.2784,
      1.5968
    ],
    [
      0.6914,
      1.3824,
      1.7267
    ],
    [
      0.7434000000000001,
      1.4865000000000002,
      1.8566999999999998
    ],
    [
      0.8177,
      1.6351,
      2.0424
    ],
    [
      0.8698,
      1.7391999999999999,
      2.1723
    ],
    [
      0.9292,
      1.8581,
      2.3209
    ],
    [
      1.011,
      2.0216,
      2.5251
    ],
    [
      1.0928,
      2.1851,
      2.7293000000000003
    ],
    [
      1.1745999999999999,
      2.3486000000000002,
      2.9336
    ],
    [
      1.2638,
      2.5269999999999997,
      3.1563999999999997
    ],
    [
      1.3530000000000002,
      2.7054,
      3.3792
    ]
  ],
  "skill": [
    [
      0.72,
      0.3887,
      0.41619999999999996,
      0.5633,
      0.5993999999999999,
      0.5529999999999999,
      "35.43",
      "37.67",
      "60.2",
      "71.98"
    ],
    [
      0.774,
      0.4204,
      0.4501,
      0.6091,
      0.6481999999999999,
      0.598,
      "38.32",
      "40.73",
      "65.1",
      "77.84"
    ],
    [
      0.828,
      0.452,
      0.484,
      0.655,
      0.6970000000000001,
      0.643,
      "41.2",
      "43.8",
      70.0,
      "83.7"
    ],
    [
      0.9,
      0.4972,
      0.5324,
      0.7204999999999999,
      0.7667,
      0.7073,
      "45.32",
      "48.18",
      77.0,
      "92.07"
    ],
    [
      0.9540000000000001,
      0.5288,
      0.5663,
      0.7663,
      0.8155,
      0.7523000000000001,
      "48.2",
      "51.25",
      "81.9",
      "97.93"
    ],
    [
      1.008,
      0.565,
      0.605,
      0.8188,
      0.8713,
      0.8038,
      "51.5",
      "54.75",
      "87.5",
      "104.62"
    ],
    [
      1.08,
      0.6147,
      0.6581999999999999,
      0.8908,
      0.9479000000000001,
      0.8745,
      "56.03",
      "59.57",
      "95.2",
      "113.83"
    ],
    [
      1.1520000000000001,
      0.6644,
      0.7115,
      0.9628,
      1.0246,
      0.9451999999999999,
      "60.56",
      "64.39",
      "102.9",
      "123.04"
    ],
    [
      1.224,
      0.7142000000000001,
      0.7646999999999999,
      1.0349,
      1.1013,
      1.0159,
      "65.1",
      "69.2",
      "110.6",
      "132.25"
    ],
    [
      1.296,
      0.7684000000000001,
      0.8228,
      1.1135,
      1.1848999999999998,
      1.0931,
      "70.04",
      "74.46",
      119.0,
      "142.29"
    ],
    [
      1.368,
      0.8226,
      0.8809,
      1.1921,
      1.2685,
      1.1703000000000001,
      "74.98",
      "79.72",
      "127.4",
      "152.33"
    ],
    [
      1.44,
      0.8769,
      0.9390000000000001,
      1.2707,
      1.3522,
      1.2473999999999998,
      "79.93",
      "84.97",
      "135.8",
      "162.38"
    ],
    [
      1.53,
      0.9311,
      0.997,
      1.3493000000000002,
      1.4358000000000002,
      1.3246,
      "84.87",
      "90.23",
      "144.2",
      "172.42"
    ]
  ],
  "burst": [
    [
      4.64,
      3.784,
      1.2
    ],
    [
      4.988,
      4.0678,
      1.29
    ],
    [
      5.336,
      4.3516,
      1.38
    ],
    [
      5.8,
      4.73,
      1.5
    ],
    [
      6.148,
      5.0138,
      1.59
    ],
    [
      6.496,
      5.2976,
      1.68
    ],
    [
      6.96,
      5.676,
      1.8
    ],
    [
      7.4239999999999995,
      6.0544,
      1.92
    ],
    [
      7.888,
      6.432799999999999,
      2.04
    ],
    [
      8.352,
      6.8112,
      2.16
    ],
    [
      8.816,
      7.1896,
      2.28
    ],
    [
      9.28,
      7.568,
      2.4
    ],
    [
      9.86,
      8.041,
      2.55
    ],
    [
      10.44,
      8.51,
      2.7
    ]
  ]
}