{
  "normal": [
    [
      "20.38",
      "20.38",
      0.44380000000000003,
      0.5236999999999999,
      "26.06",
      "26.06",
      0.5065,
      0.7095
    ],
    [
      "22.04",
      "22.04",
      0.4799,
      0.5664,
      "28.18",
      "28.18",
      0.5478000000000001,
      0.7672
    ],
    [
      "23.7",
      "23.7",
      0.516,
      0.609,
      "30.3",
      "30.3",
      0.589,
      0.825
    ],
    [
      "26.07",
      "26.07",
      0.5676,
      0.6698999999999999,
      "33.33",
      "33.33",
      0.6479,
      0.9075
    ],
    [
      "27.73",
      "27.73",
      0.6037,
      0.7125,
      "35.45",
      "35.45",
      0.6890999999999999,
      0.9653
    ],
    [
      "29.63",
      "29.63",
      0.645,
      0.7613,
      "37.88",
      "37.88",
      0.7363,
      1.0312999999999999
    ],
    [
      "32.23",
      "32.23",
      0.7018000000000001,
      0.8281999999999999,
      "41.21",
      "41.21",
      0.8009999999999999,
      1.122
    ],
    [
      "34.84",
      "34.84",
      0.7585,
      0.8952,
      "44.54",
      "44.54",
      0.8658,
      1.2128
    ],
    [
      "37.45",
      "37.45",
      0.8153,
      0.9621999999999999,
      "47.87",
      "47.87",
      0.9306,
      1.3034999999999999
    ],
    [
      "40.29",
      "40.29",
      0.8772,
      1.0353,
      "51.51",
      "51.51",
      1.0012999999999999,
      1.4025
    ],
    [
      "43.55",
      "43.55",
      0.9481,
      1.119,
      "55.68",
      "55.68",
      1.0823,
      1.5159
    ]
  ],
  "charged": [
    [
      0.4386,
      1.24
    ],
    [
      0.4743,
      1.3330000000000002
    ],
    [
      0.51,
      1.426
    ],
    [
      0.561,
      1.55
    ],
    [
      0.5967,
      1.643
    ],
    [
      0.6375,
      1.736
    ],
    [
      0.6936,
      1.86
    ],
    [
      0.7497,
      1.984
    ],
    [
      0.8058,
      2.108
    ],
    [
      0.867,
      2.2319999999999998
    ],
    [
      0.9370999999999999,
      2.3609999999999998
    ]
  ],
  "plunge": [
    [
      0.5683,
      1.1362999999999999,
      1.4193
    ],
    [
      0.6145,
      1.2288,
      1.5349000000000002
    ],
    [
      0.6607999999999999,
      1.3213,
      1.6503999999999999
    ],
    [
      0.7269,
      1.4535,
      1.8154
    ],
    [
      0.7731,
      1.5459,
      1.931
    ],
    [
      0.826,
      1.6517,
      2.063
    ],
    [
      0.8987,
      1.797,
      2.2445
    ],
    [
      0.9714,
      1.9423,
      2.4261
    ],
    [
      1.0441,
      2.0877,
      2.6075999999999997
    ],
    [
      1.1234,
      2.2462,
      2.8057
    ],
    [
      1.2026999999999999,
      2.4048,
      3.0037000000000003
    ]
  ],
  "skill": [
    [
      2.76,
      3.8
    ],
    [
      2.967,
      4.085
    ],
    [
      3.174,
      4.37
    ],
    [
      3.45,
      4.75
    ],
    [
      3.657,
      5.035
    ],
    [
      3.864,
      5.32
    ],
    [
      4.14,
      5.7
    ],
    [
      4.416,
      6.08
    ],
    [
      4.692,
      6.46
    ],
    [
      4.968,
      6.84
    ],
    [
      5.244,
      7.22
    ],
    [
      5.52,
      7.6
    ],
    [
      5.865,
      8.075
    ]
  ],
  "burst": [
    [
      0.188
    ],
    [
      0.2021
    ],
    [
      0.2162
    ],
    [
      0.235
    ],
    [
      0.2491
    ],
    [
      0.2632
    ],
    [
      0.282
    ],
    [
      0.30079999999999996
    ],
    [
      0.3196
    ],
    [
      0.33840000000000003
    ],
    [
      0.35719999999999996
    ],
    [
      0.376
    ],
    [
      0.3995
    ],
    [
      0.423
    ]
  ]
}