{
  "normal": [
    [
      0.4205,
      0.4214,
      "26.06",
      "26.06",
      "14.1",
      0.7104
    ],
    [
      0.4548,
      0.4557,
      "28.18",
      "28.18",
      "15.25",
      0.7681999999999999
    ],
    [
      0.489,
      0.49,
      "30.3",
      "30.3",
      "16.4",
      0.826
    ],
    [
      0.5379,
      0.539,
      "33.33",
      "33.33",
      "18.04",
      0.9086
    ],
    [
      0.5721,
      0.5733,
      "35.45",
      "35.45",
      "19.19",
      0.9664
    ],
    [
      0.6112,
      0.6125,
      "37.88",
      "37.88",
      "20.5",
      1.0325
    ],
    [
      0.665,
      0.6664,
      "41.21",
      "41.21",
      "22.3",
      1.1234
    ],
    [
      0.7188,
      0.7203,
      "44.54",
      "44.54",
      "24.11",
      1.2142
    ],
    [
      0.7726000000000001,
      0.7742,
      "47.87",
      "47.87",
      "25.91",
      1.3051
    ],
    [
      0.8312999999999999,
      0.833,
      "51.51",
      "51.51",
      "27.88",
      1.4042
    ],
    [
      0.8985,
      0.9004000000000001,
      "55.68",
      "55.68",
      "30.14",
      1.5178
    ]
  ],
  "charged": [
    [
      1.2168999999999999
    ],
    [
      1.3159
    ],
    [
      1.415
    ],
    [
      1.5565
    ],
    [
      1.6556
    ],
    [
      1.7688
    ],
    [
      1.9243999999999999
    ],
    [
      2.08
    ],
    [
      2.2357
    ],
    [
      2.4055
    ],
    [
      2.6001
    ]
  ],
  "plunge": [
    [
      0.6393,
      1.2784,
      1.5968
    ],
    [
      0.6914,
      1.3824,
      1.7267
    ],
    [
      0.7434000000000001,
      1.4865000000000002,
      1.8566999999999998
    ],
    [
      0.8177,
      1.6351,
      2.0424
    ],
    [
      0.8698,
      1.7391999999999999,
      2.1723
    ],
    [
      0.9292,
      1.8581,
      2.3209
    ],
    [
      1.011,
      2.0216,
      2.5251
    ],
    [
      1.0928,
      2.1851,
      2.7293000000000003
    ],
    [
      1.1745999999999999,
      2.3486000000000002,
      2.9336
    ],
    [
      1.2638,
      2.5269999999999997,
      3.1563999999999997
    ],
    [
      1.3530000000000002,
      2.7054,
      3.3792
    ]
  ],
  "skill": [
    [
      1.1128
    ],
    [
      1.1963
    ],
    [
      1.2797
    ],
    [
      1.391
    ],
    [
      1.4745
    ],
    [
      1.5578999999999998
    ],
    [
      1.6691999999999998
    ],
    [
      1.7805000000000002
    ],
    [
      1.8918000000000001
    ],
    [
      2.003
    ],
    [
      2.1143
    ],
    [
      2.2256
    ],
    [
      2.3647
    ]
  ],
  "burst": [
    [
      0.72,
      0.88,
      1.0959999999999999,
      1.12
    ],
    [
      0.774,
      0.946,
      1.1782,
      1.204
    ],
    [
      0.828,
      1.012,
      1.2604,
      1.288
    ],
    [
      0.9,
      1.1,
      1.37,
      1.4
    ],
    [
      0.9540000000000001,
      1.166,
      1.4522,
      1.484
    ],
    [
      1.008,
      1.232,
      1.5344,
      1.568
    ],
    [
      1.08,
      1.32,
      1.6440000000000001,
      1.68
    ],
    [
      1.1520000000000001,
      1.4080000000000001,
      1.7536,
      1.7919999999999998
    ],
    [
      1.224,
      1.496,
      1.8632,
      1.9040000000000001
    ],
    [
      1.296,
      1.584,
      1.9728,
      2.016
    ],
    [
      1.368,
      1.672,
      2.0824000000000003,
      2.128
    ],
    [
      1.44,
      1.76,
      2.1919999999999997,
      2.24
    ],
    [
      1.53,
      1.87,
      2.329,
      2.38
    ],
    [
      1.62,
      1.98,
      2.47,
      2.52
    ]
  ]
}