{
  "ascension": null,
  "energy": 70,
  "stats": {
    "1": [
      991.0,
      27.0,
      62.0,
      0,
      0.05,
      0.5
    ],
    "20": [
      2572.0,
      71.0,
      161.0,
      0,
      0.05,
      0.5
    ],
    "20+": [
      3422.0,
      94.0,
      215.0,
      0,
      0.05,
      0.5
    ],
    "40": [
      5120.0,
      140.0,
      321.0,
      0,
      0.05,
      0.5
    ],
    "40+": [
      5724.0,
      157.0,
      359.0,
      0,
      0.098,
      0.5
    ],
    "50": [
      6586.0,
      181.0,
      413.0,
      0,
      0.098,
      0.5
    ],
    "50+": [
      7391.0,
      203.0,
      464.0,
      0,
      0.146,
      0.5
    ],
    "60": [
      8262.0,
      227.0,
      519.0,
      0,
      0.146,
      0.5
    ],
    "60+": [
      8866.0,
      243.0,
      556.0,
      0,
      0.146,
      0.5
    ],
    "70": [
      9744.0,
      267.0,
      612.0,
      0,
      0.146,
      0.5
    ],
    "70+": [
      10348.0,
      284.0,
      649.0,
      0,
      0.19399999999999998,
      0.5
    ],
    "80": [
      11236.0,
      308.0,
      705.0,
      0,
      0.19399999999999998,
      0.5
    ],
    "80+": [
      11840.0,
      325.0,
      743.0,
      0,
      0.242,
      0.5
    ],
    "90": [
      12736.0,
      349.0,
      799.0,
      0,
      0.242,
      0.5
    ]
  }
}