{
  "normal": [
    [
      "27.54",
      "27.54",
      0.5694,
      0.6855,
      "37.66",
      "37.66",
      0.7154,
      0.9582999999999999
    ],
    [
      "29.42",
      "29.42",
      0.6082,
      0.7323000000000001,
      "40.23",
      "40.23",
      0.7642,
      1.0237
    ],
    [
      "31.3",
      "31.3",
      0.647,
      0.779,
      "42.8",
      "42.8",
      0.813,
      1.089
    ],
    [
      "33.8",
      "33.8",
      0.6988,
      0.8412999999999999,
      "46.22",
      "46.22",
      0.878,
      1.1761
    ],
    [
      "35.68",
      "35.68",
      0.7376,
      0.8881,
      "48.79",
      "48.79",
      0.9268000000000001,
      1.2415
    ],
    [
      "37.87",
      "37.87",
      0.7829,
      0.9426000000000001,
      "51.79",
      "51.79",
      0.9837,
      1.3177
    ],
    [
      "40.69",
      "40.69",
      0.8411,
      1.0127,
      "55.64",
      "55.64",
      1.0569,
      1.4157
    ],
    [
      "43.51",
      "43.51",
      0.8993000000000001,
      1.0828,
      "59.49",
      "59.49",
      1.1301,
      1.5137
    ],
    [
      "46.32",
      "46.32",
      0.9576,
      1.1529,
      "63.34",
      "63.34",
      1.2031999999999998,
      1.6117
    ],
    [
      "49.14",
      "49.14",
      1.0158,
      1.2229999999999999,
      "67.2",
      "67.2",
      1.2764,
      1.7097
    ],
    [
      "51.96",
      "51.96",
      1.074,
      1.2931,
      "71.05",
      "71.05",
      1.3496000000000001,
      1.8077
    ]
  ],
  "charged": [
    [
      1.2109
    ],
    [
      1.2934
    ],
    [
      1.376
    ],
    [
      1.4861000000000002
    ],
    [
      1.5686000000000002
    ],
    [
      1.665
    ],
    [
      1.7888
    ],
    [
      1.9125999999999999
    ],
    [
      2.0365
    ],
    [
      2.1603
    ],
    [
      2.2842
    ]
  ],
  "plunge": [
    [
      0.8183,
      1.6362999999999999,
      2.0439
    ],
    [
      0.8848999999999999,
      1.7694999999999999,
      2.2102
    ],
    [
      0.9516,
      1.9027,
      2.3766
    ],
    [
      1.0467,
      2.093,
      2.6142000000000003
    ],
    [
      1.1133,
      2.2262,
      2.7806
    ],
    [
      1.1894,
      2.3784,
      2.9707
    ],
    [
      1.2941,
      2.5877,
      3.2321
    ],
    [
      1.3988,
      2.7969999999999997,
      3.4936000000000003
    ],
    [
      1.5034999999999998,
      3.0063,
      3.755
    ],
    [
      1.6176,
      3.2346,
      4.0402
    ],
    [
      1.7318,
      3.4629000000000003,
      4.3254
    ]
  ],
  "skill": [
    [
      2.528
    ],
    [
      2.7176
    ],
    [
      2.9072000000000005
    ],
    [
      3.16
    ],
    [
      3.3495999999999997
    ],
    [
      3.5392
    ],
    [
      3.792
    ],
    [
      4.0448
    ],
    [
      4.2976
    ],
    [
      4.5504
    ],
    [
      4.8032
    ],
    [
      5.056
    ],
    [
      5.372000000000001
    ]
  ],
  "burst": []
}