{
  "normal": [
    [
      0.4661,
      0.4764,
      "28.55",
      "28.55",
      0.5599000000000001,
      "35.86",
      "35.86"
    ],
    [
      0.5041,
      0.5152,
      "30.88",
      "30.88",
      0.6053999999999999,
      "38.78",
      "38.78"
    ],
    [
      0.542,
      0.5539999999999999,
      "33.2",
      "33.2",
      0.6509999999999999,
      "41.7",
      "41.7"
    ],
    [
      0.5962,
      0.6093999999999999,
      "36.52",
      "36.52",
      0.7161,
      "45.87",
      "45.87"
    ],
    [
      0.6341,
      0.6481999999999999,
      "38.84",
      "38.84",
      0.7617,
      "48.79",
      "48.79"
    ],
    [
      0.6775,
      0.6925,
      "41.5",
      "41.5",
      0.8138,
      "52.13",
      "52.13"
    ],
    [
      0.7371,
      0.7534000000000001,
      "45.15",
      "45.15",
      0.8854000000000001,
      "56.71",
      "56.71"
    ],
    [
      0.7967,
      0.8144,
      "48.8",
      "48.8",
      0.9570000000000001,
      "61.3",
      "61.3"
    ],
    [
      0.8564,
      0.8753,
      "52.46",
      "52.46",
      1.0286,
      "65.89",
      "65.89"
    ],
    [
      0.9214,
      0.9418000000000001,
      "56.44",
      "56.44",
      1.1067,
      "70.89",
      "70.89"
    ],
    [
      0.9959,
      1.018,
      61.0,
      61.0,
      1.1962000000000002,
      "76.62",
      "76.62"
    ]
  ],
  "charged": [
    [
      "47.3",
      "56.16"
    ],
    [
      "51.15",
      "60.73"
    ],
    [
      55.0,
      "65.3"
    ],
    [
      "60.5",
      "71.83"
    ],
    [
      "64.35",
      "76.4"
    ],
    [
      "68.75",
      "81.63"
    ],
    [
      "74.8",
      "88.81"
    ],
    [
      "80.85",
      "95.99"
    ],
    [
      "86.9",
      "103.17"
    ],
    [
      "93.5",
      "111.01"
    ],
    [
      "101.06",
      "119.99"
    ]
  ],
  "plunge": [
    [
      0.6393,
      1.2784,
      1.5968
    ],
    [
      0.6914,
      1.3824,
      1.7267
    ],
    [
      0.7434000000000001,
      1.4865000000000002,
      1.8566999999999998
    ],
    [
      0.8177,
      1.6351,
      2.0424
    ],
    [
      0.8698,
      1.7391999999999999,
      2.1723
    ],
    [
      0.9292,
      1.8581,
      2.3209
    ],
    [
      1.011,
      2.0216,
      2.5251
    ],
    [
      1.0928,
      2.1851,
      2.7293000000000003
    ],
    [
      1.1745999999999999,
      2.3486000000000002,
      2.9336
    ],
    [
      1.2638,
      2.5269999999999997,
      3.1563999999999997
    ],
    [
      1.3530000000000002,
      2.7054,
      3.3792
    ]
  ],
  "skill": [
    [
      168.0,
      "191.2"
    ],
    [
      "180.6",
      "205.54"
    ],
    [
      "193.2",
      "219.88"
    ],
    [
      210.0,
      239.0
    ],
    [
      "222.6",
      "253.34"
    ],
    [
      "235.2",
      "267.68"
    ],
    [
      252.0,
      "286.8"
    ],
    [
      "268.8",
      "305.92"
    ],
    [
      "285.6",
      "325.04"
    ],
    [
      "302.4",
      "344.16"
    ],
    [
      "319.2",
      "363.28"
    ],
    [
      336.0,
      "382.4"
    ],
    [
      357.0,
      "406.3"
    ]
  ],
  "burst": [
    [
      0.5427000000000001
    ],
    [
      0.5834
    ],
    [
      0.6241
    ],
    [
      0.6784
    ],
    [
      0.7191
    ],
    [
      0.7598
    ],
    [
      0.8140999999999999
    ],
    [
      0.8684000000000001
    ],
    [
      0.9226000000000001
    ],
    [
      0.9769
    ],
    [
      1.0312000000000001
    ],
    [
      1.0854000000000001
    ],
    [
      1.1533
    ],
    [
      1.22
    ]
  ]
}