{
  "normal": [
    [
      0.7654000000000001,
      0.7395999999999999,
      0.9545999999999999,
      1.1584
    ],
    [
      0.8277,
      0.7998000000000001,
      1.0323,
      1.2527
    ],
    [
      0.89,
      0.86,
      1.11,
      1.347
    ],
    [
      0.9790000000000001,
      0.946,
      1.2209999999999999,
      1.4816999999999998
    ],
    [
      1.0413,
      1.0062,
      1.2987,
      1.5759999999999998
    ],
    [
      1.1125,
      1.075,
      1.3875,
      1.6838
    ],
    [
      1.2104000000000001,
      1.1696,
      1.5096,
      1.8319
    ],
    [
      1.3083,
      1.2642,
      1.6317,
      1.9801
    ],
    [
      1.4062000000000001,
      1.3588,
      1.7538,
      2.1283000000000003
    ],
    [
      1.5130000000000001,
      1.462,
      1.8869999999999998,
      2.2899000000000003
    ],
    [
      1.6198,
      1.5652000000000001,
      2.0202,
      2.4515000000000002
    ]
  ],
  "charged": [
    [
      0.6255,
      1.1309
    ],
    [
      0.6764,
      1.2229999999999999
    ],
    [
      0.7273000000000001,
      1.315
    ],
    [
      0.8,
      1.4465000000000001
    ],
    [
      0.8509,
      1.5386000000000002
    ],
    [
      0.9091,
      1.6438
    ],
    [
      0.9891,
      1.7884
    ],
    [
      1.0691,
      1.9331
    ],
    [
      1.1491,
      2.0777
    ],
    [
      1.2364,
      2.2355
    ],
    [
      1.3236,
      2.3933
    ]
  ],
  "plunge": [
    [
      0.7459,
      1.4913999999999998,
      1.8629
    ],
    [
      0.8066,
      1.6128,
      2.0145
    ],
    [
      0.8673000000000001,
      1.7342,
      2.1662
    ],
    [
      0.9540000000000001,
      1.9077000000000002,
      2.3828
    ],
    [
      1.0147,
      2.0291,
      2.5343999999999998
    ],
    [
      1.0841,
      2.1678,
      2.7077
    ],
    [
      1.1795,
      2.3586,
      2.946
    ],
    [
      1.2749,
      2.5493,
      3.1842
    ],
    [
      1.3703,
      2.7401,
      3.4225
    ],
    [
      1.4744,
      2.9482,
      3.6825
    ],
    [
      1.5785,
      3.1563,
      3.9424
    ]
  ],
  "skill": [
    [
      1.696
    ],
    [
      1.8232
    ],
    [
      1.9504
    ],
    [
      2.12
    ],
    [
      2.2472
    ],
    [
      2.3744
    ],
    [
      2.544
    ],
    [
      2.7136
    ],
    [
      2.8832
    ],
    [
      3.0527999999999995
    ],
    [
      3.2224
    ],
    [
      3.392
    ],
    [
      3.6039999999999996
    ]
  ],
  "burst": [
    [
      3.408
    ],
    [
      3.6636
    ],
    [
      3.9192
    ],
    [
      4.26
    ],
    [
      4.5156
    ],
    [
      4.7712
    ],
    [
      5.112
    ],
    [
      5.4528
    ],
    [
      5.7936000000000005
    ],
    [
      6.1344
    ],
    [
      6.4752
    ],
    [
      6.816
    ],
    [
      7.242000000000001
    ],
    [
      7.67
    ]
  ]
}