{
  "normal": [
    [
      0.5834,
      0.5213,
      0.7601
    ],
    [
      0.6272,
      0.5604,
      0.8170999999999999
    ],
    [
      0.6709,
      0.5993999999999999,
      0.8741
    ],
    [
      0.7293000000000001,
      0.6516,
      0.9501999999999999
    ],
    [
      0.773,
      0.6907,
      1.0072
    ],
    [
      0.8168000000000001,
      0.7298,
      1.0642
    ],
    [
      0.8751000000000001,
      0.7818999999999999,
      1.1401999999999999
    ],
    [
      0.9335,
      0.8340000000000001,
      1.2162
    ],
    [
      0.9918,
      0.8861,
      1.2922
    ],
    [
      1.0501,
      0.9383,
      1.3681999999999999
    ],
    [
      1.1085,
      0.9904000000000001,
      1.4442
    ]
  ],
  "charged": [
    [
      "98.23",
      "167.57"
    ],
    [
      "104.11",
      "177.6"
    ],
    [
      "109.99",
      "187.64"
    ],
    [
      "117.64",
      "200.68"
    ],
    [
      "123.52",
      "210.71"
    ],
    [
      "129.4",
      "220.75"
    ],
    [
      "137.05",
      "233.79"
    ],
    [
      "144.7",
      "246.84"
    ],
    [
      "152.34",
      "259.88"
    ],
    [
      "159.99",
      "272.92"
    ],
    [
      "167.64",
      "285.97"
    ]
  ],
  "plunge": [
    [
      0.5683,
      1.1362999999999999,
      1.4193
    ],
    [
      0.6145,
      1.2288,
      1.5349000000000002
    ],
    [
      0.6607999999999999,
      1.3213,
      1.6503999999999999
    ],
    [
      0.7269,
      1.4535,
      1.8154
    ],
    [
      0.7731,
      1.5459,
      1.931
    ],
    [
      0.826,
      1.6517,
      2.063
    ],
    [
      0.8987,
      1.797,
      2.2445
    ],
    [
      0.9714,
      1.9423,
      2.4261
    ],
    [
      1.0441,
      2.0877,
      2.6075999999999997
    ],
    [
      1.1234,
      2.2462,
      2.8057
    ],
    [
      1.2026999999999999,
      2.4048,
      3.0037000000000003
    ]
  ],
  "skill": [
    [
      1.696
    ],
    [
      1.8232
    ],
    [
      1.9504
    ],
    [
      2.12
    ],
    [
      2.2472
    ],
    [
      2.3744
    ],
    [
      2.544
    ],
    [
      2.7136
    ],
    [
      2.8832
    ],
    [
      3.0527999999999995
    ],
    [
      3.2224
    ],
    [
      3.392
    ],
    [
      3.6039999999999996
    ]
  ],
  "burst": [
    [
      1.824
    ],
    [
      1.9608
    ],
    [
      2.0976
    ],
    [
      2.28
    ],
    [
      2.4168000000000003
    ],
    [
      2.5536000000000003
    ],
    [
      2.736
    ],
    [
      2.9183999999999997
    ],
    [
      3.1008
    ],
    [
      3.2832
    ],
    [
      3.4656000000000002
    ],
    [
      3.648
    ],
    [
      3.8760000000000003
    ],
    [
      4.1
    ]
  ]
}