{
  "normal": [
    [
      "35.6",
      0.684,
      0.889,
      "46.4",
      1.0590000000000002
    ],
    [
      "38.07",
      0.7304,
      0.9495,
      "49.59",
      1.1308
    ],
    [
      "40.5",
      0.777,
      1.0101,
      "52.75",
      1.203
    ],
    [
      "43.74",
      0.8392000000000001,
      1.0909,
      "56.97",
      1.2992
    ],
    [
      "46.17",
      0.8858,
      1.1515,
      "60.14",
      1.3714
    ],
    [
      "49",
      0.94,
      1.222,
      "63.8",
      1.456
    ],
    [
      "52.65",
      1.0101,
      1.3131,
      "68.58",
      1.5638999999999998
    ],
    [
      "56.29",
      1.08,
      1.4040000000000001,
      "73.32",
      1.6722
    ],
    [
      "59.94",
      1.15,
      1.4949000000000001,
      "78.07",
      1.7804
    ],
    [
      "63.59",
      1.2199,
      1.5859,
      "82.82",
      1.8887
    ],
    [
      "67.23",
      1.2897999999999998,
      1.6768,
      "87.56",
      1.9969999999999999
    ]
  ],
  "charged": [
    [
      0.439,
      1.24,
      0.16
    ],
    [
      0.4743,
      1.3330000000000002,
      0.17629999999999998
    ],
    [
      0.51,
      1.426,
      0.1886
    ],
    [
      0.561,
      1.55,
      0.205
    ],
    [
      0.5967,
      1.643,
      0.2173
    ],
    [
      0.638,
      1.74,
      0.23
    ],
    [
      0.6936,
      1.86,
      0.24600000000000002
    ],
    [
      0.7497,
      1.984,
      0.26239999999999997
    ],
    [
      0.8058,
      2.108,
      0.2788
    ],
    [
      0.867,
      2.2319999999999998,
      0.2952
    ],
    [
      0.9281999999999999,
      2.356,
      0.3116
    ]
  ],
  "plunge": [
    [
      0.568,
      1.14,
      1.42
    ],
    [
      0.6145,
      1.2288,
      1.5349000000000002
    ],
    [
      0.6607999999999999,
      1.3213,
      1.6503999999999999
    ],
    [
      0.7269,
      1.4535,
      1.8154
    ],
    [
      0.7731,
      1.5459,
      1.931
    ],
    [
      0.826,
      1.65,
      2.06
    ],
    [
      0.8987,
      1.797,
      2.2445
    ],
    [
      0.9714,
      1.9423,
      2.4261
    ],
    [
      1.0441,
      2.0877,
      2.6075999999999997
    ],
    [
      1.1234,
      2.2462,
      2.8057
    ],
    [
      1.2026999999999999,
      2.4048,
      3.0037000000000003
    ]
  ],
  "skill": [],
  "burst": [
    [
      1.272,
      1.22
    ],
    [
      1.3674000000000002,
      1.3115
    ],
    [
      1.4628,
      1.403
    ],
    [
      1.59,
      1.525
    ],
    [
      1.6854,
      1.6165
    ],
    [
      1.7808000000000002,
      1.7080000000000002
    ],
    [
      1.9080000000000001,
      1.83
    ],
    [
      2.0352,
      1.952
    ],
    [
      2.1624,
      2.074
    ],
    [
      2.2896,
      2.1959999999999997
    ],
    [
      2.4168000000000003,
      2.318
    ],
    [
      2.544,
      2.44
    ],
    [
      2.7030000000000003,
      2.5925
    ]
  ]
}