{
  "ascension": null,
  "stats": {
    "1": [
      791.0,
      25.0,
      48.0,
      0,
      0.05,
      0.5
    ],
    "20": [
      2053.0,
      65.0,
      124.0,
      0,
      0.05,
      0.5
    ],
    "20+": [
      2731.0,
      87.0,
      165.0,
      0,
      0.05,
      0.5
    ],
    "40": [
      4086.0,
      130.0,
      247.0,
      0,
      0.05,
      0.5
    ],
    "40+": [
      4568.0,
      145.0,
      276.0,
      0,
      0.098,
      0.5
    ],
    "50": [
      5256.0,
      167.0,
      318.0,
      0,
      0.098,
      0.5
    ],
    "50+": [
      5899.0,
      187.0,
      357.0,
      0,
      0.146,
      0.5
    ],
    "60": [
      6593.0,
      209.0,
      399.0,
      0,
      0.146,
      0.5
    ],
    "60+": [
      7075.0,
      225.0,
      428.0,
      0,
      0.146,
      0.5
    ],
    "70": [
      7777.0,
      247.0,
      470.0,
      0,
      0.146,
      0.5
    ],
    "70+": [
      8259.0,
      262.0,
      500.0,
      0,
      0.19399999999999998,
      0.5
    ],
    "80": [
      8968.0,
      285.0,
      542.0,
      0,
      0.19399999999999998,
      0.5
    ],
    "80+": [
      9450.0,
      300.0,
      572.0,
      0,
      0.242,
      0.5
    ],
    "90": [
      10164.0,
      323.0,
      615.0,
      0,
      0.242,
      0.5
    ]
  }
}