{
  "ascension": "Geo DMG Bonus",
  "stats": {
    "1": [
      1144.0,
      20.0,
      57.0,
      0.0,
      0.05,
      0.5
    ],
    "20": [
      2967.0,
      51.0,
      149.0,
      0.0,
      0.05,
      0.5
    ],
    "20+": [
      3948.0,
      67.0,
      198.0,
      0.0,
      0.05,
      0.5
    ],
    "40": [
      5908.0,
      101.0,
      297.0,
      0.0,
      0.05,
      0.5
    ],
    "40+": [
      6605.0,
      113.0,
      332.0,
      0.07200000000000001,
      0.05,
      0.5
    ],
    "50": [
      7599.0,
      130.0,
      382.0,
      0.07200000000000001,
      0.05,
      0.5
    ],
    "50+": [
      8528.0,
      146.0,
      428.0,
      0.14400000000000002,
      0.05,
      0.5
    ],
    "60": [
      9533.0,
      163.0,
      479.0,
      0.14400000000000002,
      0.05,
      0.5
    ],
    "60+": [
      10230.0,
      175.0,
      514.0,
      0.14400000000000002,
      0.05,
      0.5
    ],
    "70": [
      11243.0,
      192.0,
      564.0,
      0.14400000000000002,
      0.05,
      0.5
    ],
    "70+": [
      11940.0,
      204.0,
      599.0,
      0.21600000000000003,
      0.05,
      0.5
    ],
    "80": [
      12965.0,
      222.0,
      651.0,
      0.21600000000000003,
      0.05,
      0.5
    ],
    "80+": [
      13662.0,
      233.0,
      686.0,
      0.28800000000000003,
      0.05,
      0.5
    ],
    "90": [
      14695.0,
      251.0,
      738.0,
      0.28800000000000003,
      0.05,
      0.5
    ]
  }
}