{
  "normal": [
    [
      0.3077,
      0.3115,
      0.3858,
      0.4294,
      "10.75",
      0.545
    ],
    [
      0.33270000000000005,
      0.3369,
      0.4172,
      0.4643,
      "11.63",
      0.5893
    ],
    [
      0.3578,
      0.36219999999999997,
      0.4486,
      0.4993,
      "12.5",
      0.6336999999999999
    ],
    [
      0.3936,
      0.3985,
      0.49340000000000006,
      0.5492,
      "13.75",
      0.6970000000000001
    ],
    [
      0.41859999999999997,
      0.4238,
      0.5247999999999999,
      0.5842,
      "14.63",
      0.7414000000000001
    ],
    [
      0.4472,
      0.45280000000000004,
      0.5607,
      0.6241,
      "15.63",
      0.7920999999999999
    ],
    [
      0.4866,
      0.4926,
      0.61,
      0.679,
      "17",
      0.8618000000000001
    ],
    [
      0.5259,
      0.5325,
      0.6594,
      0.7340000000000001,
      "18.38",
      0.9315000000000001
    ],
    [
      0.5653,
      0.5722999999999999,
      0.7087,
      0.7889,
      "19.75",
      1.0012
    ],
    [
      0.6082,
      0.6158,
      0.7626000000000001,
      0.8488,
      "21.25",
      1.0773000000000001
    ],
    [
      0.6574,
      0.6656,
      0.8242,
      0.9174,
      "22.97",
      1.1643999999999999
    ]
  ],
  "charged": [
    [
      1.1103
    ],
    [
      1.2006000000000001
    ],
    [
      1.291
    ],
    [
      1.4201
    ],
    [
      1.5105000000000002
    ],
    [
      1.6138
    ],
    [
      1.7558
    ],
    [
      1.8978
    ],
    [
      2.0398
    ],
    [
      2.1947
    ],
    [
      2.3722
    ]
  ],
  "plunge": [
    [
      0.6393,
      1.2784,
      1.5968
    ],
    [
      0.6914,
      1.3824,
      1.7267
    ],
    [
      0.7434000000000001,
      1.4865000000000002,
      1.8566999999999998
    ],
    [
      0.8177,
      1.6351,
      2.0424
    ],
    [
      0.8698,
      1.7391999999999999,
      2.1723
    ],
    [
      0.9292,
      1.8581,
      2.3209
    ],
    [
      1.011,
      2.0216,
      2.5251
    ],
    [
      1.0928,
      2.1851,
      2.7293000000000003
    ],
    [
      1.1745999999999999,
      2.3486000000000002,
      2.9336
    ],
    [
      1.2638,
      2.5269999999999997,
      3.1563999999999997
    ],
    [
      1.3530000000000002,
      2.7054,
      3.3792
    ]
  ],
  "skill": [
    [
      16.0,
      32.0,
      0.8
    ],
    [
      "17.2",
      "34.4",
      0.86
    ],
    [
      "18.4",
      "36.8",
      0.92
    ],
    [
      20.0,
      40.0,
      1.0
    ],
    [
      "21.2",
      "42.4",
      1.06
    ],
    [
      "22.4",
      "44.8",
      1.12
    ],
    [
      24.0,
      48.0,
      1.2
    ],
    [
      "25.6",
      "51.2",
      1.28
    ],
    [
      "27.2",
      "54.4",
      1.36
    ],
    [
      "28.8",
      "57.6",
      1.44
    ],
    [
      "30.4",
      "60.8",
      1.52
    ],
    [
      32.0,
      64.0,
      1.6
    ],
    [
      34.0,
      68.0,
      1.7
    ]
  ],
  "burst": [
    [
      4.0108
    ],
    [
      4.4444
    ],
    [
      4.878
    ],
    [
      5.42
    ],
    [
      5.9078
    ],
    [
      6.395599999999999
    ],
    [
      7.046
    ],
    [
      7.6964
    ],
    [
      8.3468
    ],
    [
      8.9972
    ],
    [
      9.6476
    ],
    [
      10.298
    ],
    [
      10.84
    ],
    [
      11.38
    ]
  ]
}